Kansas,New York,Northern California,Texas
-,-,6.09,5.19
53.99,-,-,54.49
17.89,-,-,18.09
7.99,-,9.39,8.09
3.59,-,4.19,3.59
29.19,-,34.19,29.49
5.29,-,6.19,5.29
3.09,-,3.59,3.09
-,-,-,5.89
-,-,-,30.69
27.39,-,-,27.69
7.99,-,-,-
5.39,-,-,-
49.59,-,58.19,50.09
26.19,-,-,26.49
-,-,-,18.29
14.99,-,-,15.19
17.29,-,-,17.49
-,-,23.49,20.19
10.69,-,-,10.79
54.39,-,63.79,54.99
8.59,-,-,-
56.39,-,66.19,56.99
49.69,-,-,50.19
57.29,-,-,57.89
38.79,-,45.49,39.19
22.69,-,-,22.89
27.39,-,32.19,27.69
56.09,-,-,56.69
46.59,-,-,47.09
3.19,-,3.69,3.19
-,-,-,38.49
12.09,-,-,12.19
27.79,-,-,28.09
28.59,-,-,-
-,-,-,1.69
24.49,-,28.69,24.69
3.79,-,-,3.79
-,-,-,50.49
18.39,-,-,18.49
-,-,-,14.69
42.59,-,-,43.09
34.99,-,-,35.29
22.29,-,-,-
41.29,-,48.49,41.69
37.89,-,-,38.29
28.59,-,33.49,28.89
30.89,-,36.19,31.19
-,-,36.89,31.79
25.89,-,-,26.19
20.79,-,-,20.99
45.89,-,-,-
13.09,-,-,13.19
1.99,-,-,1.99
-,-,-,7.99
50.79,-,-,51.39
22.79,-,26.69,22.99
33.09,-,38.79,33.39
10.99,-,-,11.09
47.69,-,-,48.19
-,-,-,22.19
55.89,-,-,-
34.09,-,-,34.39
5.19,-,6.09,5.29
3.19,-,-,3.19
11.69,-,13.69,11.79
56.69,-,-,57.29
44.09,-,51.69,44.49
2.69,-,-,2.69
8.19,-,-,8.29
34.69,-,-,-
23.99,-,-,24.29
41.09,-,48.29,41.59
3.79,-,-,3.89
-,-,-,13.19
1.19,-,-,1.19
50.99,-,59.79,-
52.99,-,-,53.59
35.39,-,-,35.79
52.89,-,-,53.49
50.99,-,59.79,51.49
2.59,-,-,-
25.39,-,-,25.69
54.99,-,-,55.49
36.49,-,-,36.89
12.79,-,-,12.89
8.39,-,-,8.49
19.99,-,-,20.19
56.49,-,-,57.09
38.79,-,45.59,39.19
-,-,13.59,11.69
33.79,-,39.59,34.09
11.59,-,13.59,11.79
27.29,-,-,27.59
24.49,-,-,24.69
57.29,-,67.29,57.89
47.99,-,56.29,48.49
22.49,-,-,-
20.39,-,-,20.59
36.99,-,-,37.29
23.49,-,-,23.69
32.29,-,-,32.69
-,-,-,35.69
15.59,-,-,15.79
22.09,-,25.89,-
56.19,-,-,-
40.69,-,-,41.09
55.89,-,-,-
38.09,-,-,38.39
19.19,-,-,19.29
19.39,-,22.69,19.59
29.99,-,-,30.39
21.09,-,-,21.39
32.09,-,37.69,32.49
10.19,-,11.89,-
57.29,-,-,57.79
34.19,-,-,34.49
19.89,-,-,20.09
-,-,-,53.19
14.39,-,-,14.59
24.29,-,28.39,24.49
20.09,-,23.49,20.29
40.09,-,46.99,-
8.79,-,-,-
21.29,-,-,21.49
27.09,-,31.79,27.39
20.19,-,-,20.39
32.29,-,37.89,32.69
52.69,-,-,53.29
57.69,-,-,58.29
30.99,-,-,-
-,-,16.39,14.09
13.29,-,-,13.39
29.79,-,34.99,30.09
17.49,-,-,17.69
55.99,-,65.69,56.59
49.09,-,57.59,-
45.59,-,-,45.99
26.99,-,-,27.19
20.19,-,23.69,-
40.49,-,-,40.89
5.79,-,-,5.89
17.89,-,-,17.99
27.29,-,32.09,27.59
7.09,-,8.29,7.09
17.59,-,-,17.79
59.29,-,69.59,59.99
59.09,-,-,-
-,-,-,58.99
36.69,-,-,37.09
56.99,-,-,57.59
47.59,-,-,48.09
-,-,-,5.79
36.29,-,-,36.69
37.29,-,-,37.69
32.59,-,-,32.89
59.09,-,-,59.69
3.59,-,-,3.59
30.59,-,-,30.89
48.59,-,-,48.99
34.49,-,-,-
29.19,-,-,29.49
38.59,-,-,38.99
43.99,-,-,44.49
53.79,-,-,54.39
47.09,-,-,47.49
14.29,-,-,14.39
33.29,-,-,33.59
25.59,-,30.09,-
41.29,-,48.39,41.69
34.89,-,40.89,35.29
43.39,-,-,43.79
42.49,-,-,42.89
56.59,-,-,57.19
37.49,-,43.99,-
-,-,-,29.49
-,-,-,0.59
2.29,-,-,-
50.49,-,-,50.99
26.99,-,-,-
44.69,-,-,45.19
45.79,-,-,46.19
28.79,-,-,29.09
3.69,-,-,3.69
-,-,47.69,41.09
8.09,-,9.39,-
-,-,42.29,36.49
18.99,-,22.29,19.19
35.29,-,-,35.69
53.89,-,-,54.49
16.29,-,19.09,16.49
55.59,-,-,56.09
11.89,-,13.99,12.09
20.59,-,24.09,20.79
59.49,-,-,60.09
37.49,-,-,37.89
8.99,-,-,9.09
38.19,-,-,38.59
-,-,-,46.99
50.79,-,59.59,51.29
8.69,-,-,8.79
1.99,-,-,2.09
6.79,-,7.99,6.89
55.89,-,-,56.49
30.19,-,-,30.49
-,-,36.09,-
39.19,-,-,39.59
23.99,-,-,24.19
17.49,-,-,17.69
7.49,-,-,7.59
4.89,-,-,4.89
56.59,-,-,57.19
21.09,-,24.69,21.29
38.19,-,-,38.59
5.49,-,-,5.59
-,-,-,33.79
37.99,-,-,38.39
33.19,-,38.99,-
32.79,-,38.49,33.09
52.49,-,-,53.09
44.49,-,-,44.89
2.39,-,-,-
38.59,-,-,-
13.59,-,15.89,13.69
33.29,-,-,33.69
34.99,-,-,35.39
23.09,-,27.09,-
47.69,-,-,-
-,-,-,14.89
32.99,-,-,-
38.49,-,-,38.89
-,-,-,13.89
15.89,-,18.59,-
-,-,-,13.49
-,-,-,35.89
57.89,-,-,58.49
25.39,-,29.79,25.69
27.49,-,-,27.79
-,-,-,10.09
41.49,-,-,-
-,-,-,11.29
23.99,-,28.19,-
9.29,-,-,-
-,-,-,25.79
4.59,-,-,4.69
35.09,-,-,35.49
-,-,-,57.89
23.59,-,-,23.79
48.89,-,40.29,49.39
58.59,-,68.79,59.19
51.99,-,-,52.49
31.69,-,-,32.09
53.19,-,-,53.79
50.79,-,59.59,51.29
45.99,-,53.89,-
42.19,-,-,42.59
59.29,-,-,59.89
27.69,-,32.49,27.99
6.49,-,7.59,6.49
13.59,-,-,13.69
-,-,-,27.49
17.19,-,20.09,-
0.99,-,-,0.99
27.79,-,-,28.09
54.29,-,-,54.79
19.29,-,22.69,-
41.29,-,-,-
35.99,-,42.29,36.39
10.99,-,16.89,11.09
48.59,-,-,49.09
35.69,-,-,36.09
39.09,-,-,-
56.39,-,-,56.99
6.69,-,-,6.69
-,-,9.39,8.09
44.69,-,-,-
-,-,37.59,-
51.59,-,-,-
52.39,-,-,52.89
50.39,-,59.09,50.89
30.09,-,35.29,30.39
35.99,-,42.19,36.39
2.49,-,-,2.49
-,-,-,59.29
47.49,-,-,47.99
38.19,-,44.79,38.59
-,-,18.99,16.29
52.19,-,61.19,52.69
53.49,-,-,54.09
54.09,-,-,54.69
25.69,-,30.19,25.99
15.29,-,17.89,15.39
18.79,-,22.09,-
4.29,-,-,4.39
38.89,-,-,39.29
49.49,-,-,49.99
41.49,-,-,41.89
41.39,-,48.59,41.89
6.39,-,-,6.49
-,-,-,25.09
19.29,-,-,-
40.19,-,47.09,40.59
20.29,-,-,20.49
39.09,-,45.79,-
32.59,-,-,32.99
-,-,-,26.79
54.69,-,-,55.19
37.09,-,43.49,37.49
-,-,47.39,40.79
-,-,-,45.79
14.39,-,-,-
45.59,-,53.49,46.09
-,-,-,31.79
29.99,-,-,30.29
30.89,-,36.29,31.29
29.89,-,-,30.19
33.59,-,-,33.99
16.29,-,-,16.49
23.69,-,27.79,23.99
-,-,-,25.09
48.19,-,-,48.69
14.99,-,-,15.19
6.39,-,-,6.39
14.49,-,16.99,14.59
40.69,-,47.69,41.09
42.69,-,-,43.19
7.79,-,-,7.89
48.99,-,57.49,49.49
46.89,-,-,47.29
-,-,-,31.39
55.09,-,64.69,55.69
-,-,-,26.89
19.69,-,-,19.89
3.39,-,-,3.49
58.19,-,68.19,58.69
29.49,-,-,29.79
37.09,-,-,37.49
1.89,-,-,1.89
55.89,-,-,-
10.99,-,-,-
24.49,-,28.69,24.69
26.59,-,-,26.79
28.99,-,-,29.29
20.59,-,24.19,20.79
5.29,-,6.19,5.39
47.59,-,-,48.09
-,-,-,17.79
40.39,-,-,-
24.49,-,28.69,24.69
52.69,-,-,53.19
2.89,-,-,2.99
8.29,-,9.69,-
1.19,-,-,1.19
11.59,-,-,11.69
33.79,-,39.59,34.09
14.29,-,-,14.39
24.49,-,28.69,-
49.09,-,-,49.59
1.99,-,2.29,1.99
30.19,-,-,-
13.49,-,-,13.69
24.89,-,-,25.19
3.49,-,-,3.49
36.39,-,-,36.79
2.49,-,-,-
-,-,-,59.09
7.59,-,-,7.69
38.59,-,45.19,38.89
5.09,-,5.89,-
57.39,-,67.29,57.99
16.69,-,-,16.89
-,-,-,38.09
-,-,15.09,12.99
25.39,-,29.79,25.69
49.29,-,57.79,49.79
47.99,-,-,-
36.59,-,-,36.99
47.69,-,-,48.19
47.69,-,55.99,-
20.89,-,24.49,21.09
46.99,-,55.09,47.49
36.79,-,-,-
27.39,-,-,27.69
-,-,27.89,23.99
26.99,-,-,27.19
26.69,-,-,26.99
34.59,-,-,34.99
51.59,-,-,52.19
39.39,-,46.29,-
50.09,-,-,50.59
40.49,-,47.49,40.89
28.79,-,-,29.09
39.39,-,-,39.79
6.49,-,-,6.59
16.09,-,18.89,16.29
19.19,-,-,19.29
2.99,-,3.49,3.09
59.59,-,69.99,-
58.49,-,-,59.09
16.29,-,-,16.39
13.09,-,-,-
51.49,-,-,51.99
12.89,-,15.09,12.99
25.09,-,-,25.39
51.19,-,-,51.69
-,-,-,29.89
37.89,-,-,38.29
54.29,-,-,54.79
39.19,-,-,39.59
14.79,-,-,14.89
20.89,-,24.49,21.09
48.09,-,56.39,48.59
56.69,-,-,-
58.39,-,68.49,58.99
13.49,-,-,13.69
-,-,28.79,24.79
51.69,-,-,52.19
13.19,-,15.49,-
31.59,-,-,-
18.69,-,21.89,18.89
52.29,-,-,52.79
-,-,43.49,37.39
24.79,-,-,24.99
51.49,-,60.49,52.09
-,-,-,46.59
39.29,-,-,39.69
56.49,-,-,57.09
34.19,-,40.19,34.59
16.39,-,-,16.59
12.29,-,-,12.39
21.29,-,24.99,21.49
-,-,-,48.29
4.99,-,-,5.09
26.79,-,-,26.99
-,-,-,37.59
-,-,-,51.29
-,-,-,33.49
13.59,-,-,13.79
-,-,-,52.19
14.19,-,-,14.29
-,-,-,6.79
17.19,-,-,17.29
35.49,-,41.69,35.89
56.29,-,-,56.89
32.39,-,-,32.69
55.29,-,-,55.89
14.79,-,17.29,-
16.99,-,-,17.19
28.49,-,33.39,28.79
24.29,-,-,-
37.19,-,-,37.49
-,-,55.09,47.49
-,-,37.69,32.49
10.29,-,-,10.39
-,-,-,48.79
-,-,-,7.59
-,-,-,40.69
21.09,-,-,21.29
34.49,-,-,34.89
-,-,-,27.39
-,-,-,4.29
53.49,-,-,54.09
51.99,-,-,52.49
31.09,-,36.49,31.49
26.59,-,-,26.89
4.39,-,-,4.49
8.19,-,-,8.19
36.99,-,-,-
47.69,-,-,48.09
57.29,-,-,57.89
17.09,-,-,17.29
0.89,-,-,0.89
29.89,-,35.09,30.29
-,-,-,30.69
-,-,-,28.19
-,-,14.49,12.49
37.59,-,-,37.89
54.69,-,64.19,55.29
50.89,-,-,51.39
-,-,-,26.39
56.59,-,-,57.19
54.59,-,-,55.09
49.19,-,57.69,49.69
25.79,-,-,25.99
40.69,-,-,41.09
41.59,-,-,41.99
-,-,-,23.89
1.39,-,-,1.39
38.19,-,44.79,-
-,-,-,5.29
39.29,-,46.09,39.69
42.69,-,-,43.19
6.39,-,-,6.49
39.59,-,-,39.99
54.89,-,-,55.49
33.89,-,-,34.29
19.49,-,-,19.69
27.49,-,-,27.79
12.49,-,-,12.59
45.19,-,-,45.59
8.89,-,-,-
31.59,-,-,31.89
1.89,-,-,-
7.89,-,-,7.99
-,-,-,35.39
24.39,-,-,24.69
51.89,-,60.79,52.39
55.29,-,-,-
51.09,-,-,51.69
51.39,-,-,51.89
29.09,-,34.19,-
2.29,-,2.69,2.29
39.29,-,-,-
16.49,-,-,16.59
17.89,-,20.99,18.09
48.79,-,-,49.29
2.89,-,3.39,-
31.09,-,-,31.39
40.69,-,-,-
34.59,-,40.59,34.89
-,-,-,19.49
44.39,-,-,44.89
57.19,-,-,57.79
32.69,-,-,32.99
53.59,-,-,54.09
44.69,-,52.49,45.19
24.59,-,-,24.79
-,-,65.99,-
44.99,-,52.69,45.39
4.99,-,-,5.09
19.29,-,-,19.49
3.99,-,4.69,-
-,-,-,36.89
7.99,-,9.39,8.09
40.99,-,-,41.49
11.69,-,13.79,11.89
34.29,-,-,34.59
20.09,-,-,-
46.69,-,54.79,47.19
0.89,-,-,0.89
-,-,-,12.29
9.69,-,-,9.79
41.09,-,48.19,41.49
18.39,-,-,18.59
-,-,11.29,9.69
48.79,-,57.19,49.19
52.39,-,-,52.99
20.59,-,-,20.79
-,-,-,22.39
-,-,-,42.09
10.59,-,12.39,10.69
-,-,-,15.09
14.59,-,-,14.79
26.99,-,31.59,27.29
36.99,-,43.39,37.29
13.19,-,-,13.29
24.49,-,28.79,24.79
41.49,-,-,41.89
9.59,-,-,9.69
12.89,-,15.19,13.09
44.89,-,-,45.29
16.09,-,-,16.19
55.79,-,65.39,56.29
-,-,-,37.59
43.39,-,-,43.79
18.19,-,-,-
41.29,-,-,41.69
41.49,-,48.69,-
58.89,-,-,-
19.39,-,-,-
55.99,-,65.69,-
36.69,-,-,37.09
-,-,-,20.19
56.19,-,-,56.79
43.59,-,-,44.09
2.49,-,-,2.59
58.39,-,-,58.99
18.69,-,-,-
-,-,-,37.39
6.19,-,-,-
-,-,20.09,17.29
33.59,-,39.49,-
0.89,-,-,0.89
13.49,-,15.89,13.69
44.99,-,-,45.39
1.99,-,-,1.99
39.89,-,-,40.29
22.49,-,-,-
-,-,27.89,23.99
32.69,-,-,32.99
37.49,-,-,37.79
58.79,-,-,59.39
39.79,-,-,40.19
44.29,-,-,44.79
57.09,-,-,57.69
20.79,-,-,20.99
45.99,-,-,46.39
-,-,-,3.09
-,-,-,59.09
24.19,-,-,24.49
23.99,-,-,24.19
52.19,-,-,52.69
-,-,11.39,9.79
55.09,-,64.59,55.59
20.99,-,-,21.29
10.59,-,12.39,10.69
12.69,-,-,-
16.29,-,-,16.39
49.99,-,58.59,50.49
34.29,-,-,34.59
-,-,-,26.99
20.69,-,-,-
-,-,-,40.49
-,-,-,42.49
11.29,-,-,11.39
-,-,-,14.09
6.39,-,7.49,6.49
-,-,-,40.39
1.39,-,-,1.39
28.19,-,32.99,28.49
30.49,-,-,-
-,-,-,36.99
23.19,-,27.19,23.39
2.39,-,-,2.49
22.09,-,-,22.39
6.89,-,-,6.99
-,-,-,4.89
14.89,-,17.49,-
2.99,-,-,-
31.69,-,-,31.99
29.29,-,34.39,29.59
27.39,-,32.09,27.69
-,-,-,26.59
52.79,-,-,53.29
35.29,-,-,-
5.09,-,5.99,5.19
13.69,-,-,13.79
5.29,-,-,5.39
15.29,-,17.99,15.49
-,-,8.89,7.69
9.69,-,-,9.79
-,-,19.39,16.69
-,-,-,28.79
59.49,-,-,-
-,-,48.79,41.99
38.39,-,-,-
19.59,-,22.99,19.79
-,-,-,39.69
28.09,-,32.99,-
20.29,-,-,20.49
20.29,-,-,20.49
50.49,-,-,50.99
44.69,-,-,-
19.49,-,-,19.69
49.39,-,57.89,49.89
26.29,-,30.89,26.59
36.89,-,-,37.19
45.69,-,53.59,46.19
17.99,-,-,18.19
18.79,-,-,-
-,-,50.79,43.79
-,-,-,45.89
21.99,-,-,22.29
57.59,-,-,58.19
1.59,-,1.89,1.59
22.59,-,26.49,22.79
11.29,-,-,11.39
30.59,-,-,30.89
27.89,-,-,28.19
32.39,-,-,32.69
47.89,-,-,48.29
20.09,-,-,20.29
2.99,-,-,2.99
23.09,-,-,23.39
41.69,-,-,42.09
39.29,-,-,39.69
3.49,-,-,3.59
51.19,-,60.09,-
10.69,-,-,-
15.49,-,18.19,15.69
29.09,-,-,29.39
10.79,-,-,10.89
12.29,-,14.39,12.39
17.69,-,-,17.89
39.09,-,45.79,39.49
21.99,-,-,22.19
8.89,-,-,8.99
56.19,-,-,56.79
15.69,-,-,15.79
-,-,-,27.19
59.69,-,70.09,60.29
-,-,-,29.69
43.29,-,50.79,43.69
18.89,-,-,19.09
47.79,-,-,48.19
8.99,-,-,9.09
55.59,-,-,56.19
17.49,-,20.49,17.69
28.39,-,-,-
22.39,-,-,22.69
53.99,-,-,54.49
10.39,-,-,10.49
33.19,-,-,33.49
7.89,-,9.29,7.99
51.69,-,-,52.19
22.79,-,-,22.99
59.49,-,-,60.09
16.29,-,-,16.39
9.29,-,-,9.39
49.39,-,57.89,49.89
42.19,-,-,42.59
-,-,39.39,33.89
7.19,-,-,7.19
19.09,-,22.39,19.29
3.29,-,-,3.39
19.39,-,-,19.59
45.09,-,52.89,45.59
6.39,-,-,6.49
52.19,-,-,52.69
7.89,-,9.19,7.89
48.99,-,-,49.49
3.69,-,-,3.79
32.39,-,37.99,32.79
58.49,-,-,59.09
-,-,53.09,45.69
38.19,-,-,38.59
27.09,-,-,27.29
-,-,46.49,39.99
7.99,-,-,7.99
1.59,-,-,1.59
45.99,-,53.99,46.49
13.79,-,-,13.99
27.09,-,-,27.39
45.59,-,-,45.99
29.99,-,-,30.29
-,-,-,52.89
16.79,-,19.69,16.99
18.29,-,-,18.49
51.29,-,-,51.79
36.99,-,43.39,37.39
9.19,-,10.79,9.29
-,-,69.79,60.09
-,-,60.69,52.29
39.59,-,-,39.99
1.59,-,-,1.69
32.99,-,38.69,33.29
56.69,-,66.59,57.29
36.49,-,-,36.79
26.49,-,-,26.79
53.39,-,-,53.99
4.69,-,5.49,4.69
48.19,-,-,48.69
31.19,-,36.59,31.59
23.49,-,-,23.69
42.39,-,-,42.79
2.29,-,2.69,2.29
33.39,-,-,33.69
5.79,-,-,5.89
48.69,-,-,49.19
14.69,-,17.19,14.79
14.89,-,17.49,15.09
4.39,-,-,4.39
43.69,-,51.29,44.09
46.19,-,-,46.69
17.89,-,-,-
37.39,-,-,37.79
54.99,-,-,-
22.79,-,-,23.09
57.19,-,67.09,57.79
-,-,-,3.59
51.89,-,-,52.39
54.09,-,-,54.59
42.09,-,-,42.59
16.09,-,18.89,16.29
-,-,46.59,40.19
-,-,31.89,27.49
28.49,-,-,28.79
30.09,-,-,30.39
29.79,-,34.89,30.09
22.59,-,26.39,-
44.99,-,-,45.39
18.79,-,22.09,18.99
46.89,-,-,47.29
55.99,-,-,56.59
-,-,-,20.39
52.29,-,-,52.79
-,-,-,9.09
45.09,-,-,45.49
4.09,-,-,4.19
9.49,-,11.09,9.59
20.39,-,-,20.59
14.69,-,17.29,14.89
-,-,57.69,49.69
7.19,-,-,7.29
21.69,-,-,21.89
39.39,-,-,39.79
40.79,-,47.89,41.19
37.69,-,-,-
54.59,-,-,55.19
33.29,-,39.09,-
44.79,-,-,45.29
34.69,-,-,35.09
-,-,49.39,42.59
7.59,-,-,7.59
-,-,33.09,28.49
58.39,-,-,58.99
11.49,-,-,11.69
-,-,-,43.89
24.59,-,28.79,24.79
59.09,-,-,59.69
6.99,-,8.09,6.99
30.39,-,-,30.69
26.89,-,-,27.19
56.09,-,-,56.69
39.19,-,-,-
42.99,-,-,-
33.89,-,-,-
28.29,-,-,-
35.49,-,-,35.79
50.99,-,-,-
-,-,-,5.19
18.29,-,21.39,18.49
36.59,-,-,36.99
-,-,-,11.19
51.49,-,60.39,51.99
43.19,-,50.59,43.59
8.19,-,-,8.29
17.69,-,20.69,17.79
18.99,-,22.29,19.19
51.89,-,60.89,52.39
38.89,-,-,39.29
-,-,24.99,21.49
-,-,-,39.59
23.69,-,-,23.99
54.79,-,64.29,55.39
27.09,-,-,27.39
24.59,-,28.79,-
-,-,-,35.79
5.29,-,6.19,5.29
52.69,-,61.79,53.19
-,-,-,2.99
4.39,-,-,4.39
40.19,-,-,-
43.09,-,-,43.59
40.79,-,47.79,41.19
-,-,-,6.09
41.29,-,-,41.69
45.49,-,-,45.99
-,-,20.89,17.99
-,-,-,5.19
38.99,-,45.69,-
59.29,-,-,59.89
17.79,-,-,17.99
18.79,-,-,18.99
57.49,-,-,58.09
25.69,-,-,25.89
24.79,-,-,25.09
47.29,-,-,47.69
-,-,-,53.19
26.29,-,-,26.59
47.09,-,-,47.59
36.99,-,-,37.39
15.39,-,-,15.49
5.29,-,6.19,-
48.19,-,-,-
48.49,-,-,48.99
1.89,-,2.19,1.89
49.49,-,-,49.99
59.99,-,-,60.59
20.79,-,24.39,20.99
24.59,-,28.79,24.79
-,-,30.39,26.19
25.29,-,29.59,-
44.49,-,-,44.89
-,-,-,21.99
16.29,-,-,16.39
55.99,-,-,-
38.49,-,45.09,-
55.09,-,-,55.69
53.99,-,-,-
0.69,-,-,0.79
45.49,-,53.29,-
9.69,-,-,-
46.09,-,-,46.59
3.09,-,-,3.09
15.49,-,18.19,15.69
29.39,-,-,29.69
24.59,-,-,24.79
20.19,-,23.69,-
-,-,-,31.69
16.59,-,-,16.79
-,-,61.09,52.59
16.89,-,-,16.99
55.79,-,-,-
6.29,-,7.29,6.29
-,-,-,15.29
35.79,-,-,36.19
17.19,-,-,17.29
22.19,-,25.99,22.39
15.69,-,-,15.79
-,-,-,3.39
14.19,-,-,14.29
-,-,13.79,11.89
-,-,22.29,19.19
28.19,-,-,28.49
18.59,-,21.79,18.79
13.59,-,-,13.69
20.39,-,23.89,20.59
26.49,-,-,26.79
13.19,-,15.39,13.29
16.99,-,-,-
50.89,-,-,51.39
58.19,-,68.29,58.79
26.99,-,31.69,27.29
56.89,-,-,57.49
42.99,-,-,43.39
34.49,-,-,-
29.89,-,-,30.19
18.99,-,-,19.09
20.99,-,-,21.19
56.89,-,66.69,57.49
58.89,-,69.09,59.49
40.69,-,-,-
8.49,-,-,8.59
58.19,-,-,58.79
52.59,-,61.69,53.09
12.79,-,-,-
53.69,-,62.99,54.29
17.89,-,-,18.09
-,-,43.69,37.59
45.89,-,-,-
19.69,-,-,19.89
33.49,-,-,33.79
30.99,-,36.29,31.29
16.59,-,-,-
40.99,-,-,41.39
45.49,-,53.39,45.99
49.99,-,-,-
-,-,-,34.29
32.99,-,38.69,33.29
44.99,-,-,45.39
25.19,-,29.59,25.49
37.19,-,-,37.59
-,-,-,55.69
22.69,-,26.59,22.89
52.89,-,-,53.49
48.19,-,-,48.69
-,-,-,28.29
-,-,-,42.19
58.39,-,68.49,58.99
32.49,-,38.09,-
13.79,-,-,13.99
17.69,-,-,17.89
1.19,-,1.39,1.19
-,-,53.39,45.99
51.49,-,-,-
34.99,-,-,-
44.39,-,52.09,44.89
59.29,-,-,59.99
-,-,-,37.99
-,-,28.29,24.39
-,-,68.39,58.89
-,-,65.79,56.59
8.99,-,-,9.09
37.59,-,-,-
31.49,-,-,31.89
39.09,-,-,39.49
-,-,40.79,35.09
44.69,-,52.39,-
-,-,-,23.69
-,-,-,10.89
40.49,-,47.49,40.89
-,-,66.49,57.19
-,-,-,13.19
-,-,13.69,11.79
36.29,-,-,36.69
52.79,-,61.89,53.29
-,-,-,4.99
-,-,60.19,-
-,17.69,-,17.19
7.59,7.89,8.89,7.69
-,-,-,3.39
-,-,32.59,27.99
-,-,5.89,5.09
2.89,-,-,2.89
-,-,-,5.59
28.99,30.09,33.99,29.19
-,27.09,-,26.29
-,-,8.89,7.69
-,-,-,5.19
47.19,-,-,47.69
-,-,-,25.19
-,-,-,17.39
-,-,16.79,14.49
-,17.09,-,16.59
-,-,22.29,19.19
-,-,-,10.29
-,-,60.69,52.29
-,-,9.59,8.29
-,-,62.89,54.19
-,-,-,47.69
-,56.79,-,55.09
-,-,-,37.29
55.29,-,64.79,55.79
21.59,22.49,-,21.79
-,27.09,30.59,-
44.39,-,-,-
2.99,-,3.49,2.99
36.19,37.69,42.49,36.59
-,11.99,13.49,11.69
-,-,-,26.69
-,28.29,31.89,27.49
-,1.59,-,1.59
23.29,-,27.29,23.49
3.59,-,-,3.69
47.49,49.49,-,47.99
-,-,-,17.59
-,14.39,-,13.99
-,42.19,47.59,40.99
33.29,-,-,33.59
-,21.99,-,21.39
39.29,40.89,46.09,39.69
36.09,37.49,-,36.39
-,28.29,-,27.39
29.39,-,-,29.69
29.99,31.19,-,30.29
-,25.59,-,24.89
19.79,20.59,23.19,19.99
43.69,-,51.19,44.09
12.39,-,-,12.59
-,-,2.19,1.89
-,7.79,-,7.59
48.39,50.29,56.69,-
-,22.49,-,21.89
31.39,-,-,31.79
-,-,12.19,10.49
45.39,-,-,45.89
20.89,21.79,-,21.09
-,-,62.39,53.69
32.39,-,-,32.69
4.99,-,-,4.99
-,-,-,2.99
11.09,-,12.99,-
-,-,63.19,54.49
-,43.59,-,42.29
-,-,2.99,2.59
7.79,-,9.09,7.89
32.99,-,38.69,33.39
22.89,-,-,23.09
-,-,-,39.49
-,3.79,-,3.69
12.39,12.89,-,12.49
-,-,-,1.09
-,50.49,-,48.99
-,52.49,59.19,50.99
33.69,35.09,39.49,33.99
-,52.39,59.09,50.89
-,50.49,-,48.99
2.49,-,-,2.49
-,-,-,24.39
-,-,61.29,52.79
-,36.09,-,35.09
12.19,-,14.29,-
7.99,-,-,8.09
-,19.79,-,19.19
-,-,-,54.29
-,-,43.29,37.29
-,-,-,11.19
-,33.39,37.69,32.39
-,-,12.99,11.19
-,26.99,-,26.19
23.29,24.19,-,-
-,56.79,63.99,55.09
-,-,-,46.09
-,22.29,-,21.69
-,-,22.79,19.59
-,36.59,-,35.49
-,-,-,22.59
30.79,-,-,31.09
-,-,-,33.89
-,15.49,-,14.99
20.99,-,-,-
-,55.59,-,53.99
38.69,40.29,45.39,39.09
-,55.29,-,53.69
36.19,-,-,36.59
-,-,-,18.39
-,-,-,18.59
-,-,-,28.89
-,20.89,23.59,20.29
-,-,-,30.89
9.69,-,-,9.79
-,52.19,58.89,50.69
-,-,-,54.99
-,33.79,38.09,32.79
18.99,19.69,-,19.19
-,-,58.69,50.59
13.69,-,-,13.89
23.09,-,27.09,23.29
-,-,22.39,19.29
-,-,-,38.49
8.39,8.69,-,8.39
20.19,-,-,20.39
25.79,-,-,26.09
19.19,19.99,-,-
-,-,-,55.79
30.79,-,36.09,31.09
50.19,52.19,-,50.69
54.89,-,-,-
29.39,-,34.49,29.69
-,13.79,15.59,13.39
-,13.09,14.79,12.79
-,29.49,33.29,28.59
16.59,17.29,-,16.79
53.29,-,-,53.79
-,48.59,-,47.19
43.29,-,-,-
-,-,-,25.89
-,19.99,-,19.49
38.49,-,-,38.89
-,5.79,-,5.59
-,-,30.49,26.29
6.69,6.99,7.89,6.79
16.79,-,-,-
-,-,-,56.99
-,58.49,-,56.79
55.59,-,-,56.09
34.89,36.39,40.99,35.29
-,-,63.59,54.79
-,47.09,-,45.69
-,5.69,-,5.49
34.49,35.89,-,34.89
-,-,41.59,35.79
-,32.19,-,31.29
-,-,-,56.79
3.39,3.59,-,3.49
-,-,-,29.39
46.19,-,-,46.59
-,-,-,33.09
27.79,-,-,27.99
36.69,38.19,43.09,37.09
-,-,-,42.29
-,-,48.69,41.89
-,-,60.09,-
-,46.59,52.49,45.19
-,-,-,13.69
-,-,37.09,-
-,25.39,28.59,24.59
-,-,46.09,39.69
33.19,34.59,-,33.49
-,42.99,-,41.69
-,-,-,40.79
-,55.99,63.09,54.39
-,37.09,41.89,35.99
-,8.09,-,7.89
-,-,32.59,28.09
-,0.59,0.69,-
-,2.29,-,2.19
-,-,56.39,48.49
42.49,-,-,42.99
-,-,-,27.69
-,3.59,-,3.49
-,40.19,-,39.09
7.69,7.99,8.99,-
34.29,-,-,34.69
18.09,-,-,18.29
-,34.99,39.39,33.99
51.29,-,-,51.79
-,-,-,15.69
25.99,-,-,26.29
52.89,54.99,-,53.39
-,-,13.29,11.49
-,20.29,22.89,19.69
56.59,-,-,57.19
-,37.09,41.79,35.99
8.49,-,-,8.59
-,-,-,36.69
-,-,-,44.69
48.29,-,-,48.79
8.19,-,-,8.29
-,-,-,1.99
-,6.79,-,6.59
-,-,-,53.69
28.69,29.89,33.69,28.99
29.29,-,-,29.59
37.29,-,-,37.69
-,-,-,23.09
16.69,17.29,19.49,16.79
7.19,-,8.39,7.19
4.59,-,-,4.69
53.89,-,-,54.39
-,20.79,-,20.19
-,-,-,36.69
-,5.49,6.09,5.29
31.79,-,-,32.09
36.09,-,-,36.49
31.59,-,-,31.89
-,-,-,31.49
-,-,-,50.49
42.29,-,-,42.69
2.29,2.39,-,2.29
-,-,-,37.09
-,-,15.09,-
31.69,32.99,-,31.99
-,-,39.09,33.59
-,22.89,-,22.19
-,47.19,53.19,45.79
13.99,14.59,16.39,14.19
-,32.69,-,31.69
-,38.09,42.89,36.99
-,-,15.39,13.29
-,15.69,17.69,15.29
12.69,-,-,12.79
-,35.19,-,34.09
-,57.29,-,55.59
24.19,-,28.39,-
-,-,30.69,26.49
-,-,-,9.59
-,41.09,-,39.89
-,-,-,10.79
-,23.79,26.79,23.09
8.89,9.19,-,8.99
-,25.29,28.49,24.49
-,-,5.09,4.39
-,34.79,-,33.79
54.49,56.69,63.89,54.99
-,23.29,-,22.59
46.49,48.39,54.59,46.99
55.79,-,65.39,56.29
-,-,-,49.89
-,-,-,30.49
-,52.69,59.39,51.09
-,-,-,48.79
-,45.49,-,44.09
40.09,41.79,-,40.49
-,58.69,-,56.99
26.39,27.39,-,26.59
-,6.39,-,6.19
-,-,23.49,20.19
12.89,13.39,-,12.99
-,-,-,26.09
16.29,16.99,-,16.49
-,0.99,1.09,0.89
-,27.49,30.99,26.69
-,-,-,52.09
-,-,-,18.59
-,-,46.09,39.69
-,-,-,1.79
34.29,-,40.19,34.59
10.49,10.89,12.29,10.59
-,-,54.19,46.69
33.99,-,39.79,34.29
37.19,-,-,37.59
53.59,55.79,62.89,54.19
-,6.59,-,-
7.69,-,-,7.69
42.49,-,49.89,42.99
-,-,58.69,50.59
30.49,31.79,35.79,30.79
-,-,57.59,49.59
49.79,-,-,50.29
-,-,-,48.39
28.59,-,-,28.89
34.29,-,-,34.59
-,-,-,2.39
-,58.09,-,56.39
45.09,46.99,52.99,45.59
-,37.79,-,36.69
-,15.99,-,15.49
49.59,51.59,58.19,50.09
-,52.99,59.69,51.39
-,-,60.39,-
-,15.09,-,-
-,18.69,-,18.09
-,4.29,-,4.19
-,-,43.39,37.39
-,-,-,47.59
-,-,46.19,39.79
-,-,46.19,39.79
-,-,-,6.19
23.59,-,27.69,23.89
-,-,-,18.49
-,-,44.79,38.59
19.29,-,-,19.49
-,-,43.59,37.59
-,32.29,-,31.29
25.19,-,-,-
-,54.09,-,52.49
-,-,-,35.69
-,-,45.09,38.79
43.19,-,-,43.59
13.69,14.29,16.09,13.79
-,-,50.89,43.79
-,31.09,35.09,30.19
-,-,33.39,28.79
-,-,34.49,29.69
-,-,33.39,28.69
-,40.89,46.09,39.69
31.99,33.29,37.49,32.29
15.49,16.19,-,-
22.59,-,-,22.79
23.59,-,-,23.89
-,-,53.79,46.29
14.29,14.89,16.69,14.39
-,-,-,6.09
13.79,-,-,-
38.69,-,-,39.09
40.59,-,-,41.09
-,7.69,-,7.49
46.59,48.49,-,47.09
29.59,-,-,-
-,54.59,61.49,52.99
-,26.29,-,-
3.29,3.39,-,3.29
-,-,-,55.89
-,-,-,28.29
35.29,-,-,35.69
-,1.79,2.09,1.79
-,-,62.39,53.69
10.49,-,-,10.59
-,-,27.29,23.49
-,-,29.59,25.49
-,28.69,-,27.79
-,20.39,-,19.79
-,-,5.89,5.09
-,47.09,-,45.69
-,-,-,16.99
-,-,32.99,28.39
-,-,-,38.79
-,-,-,23.49
-,-,-,50.59
2.79,-,-,2.79
-,8.19,-,7.99
-,-,1.29,1.19
10.99,-,-,11.09
-,-,37.69,32.39
13.59,-,-,13.69
-,48.59,-,47.19
1.89,1.89,-,1.89
28.79,-,33.69,29.09
-,-,-,12.99
23.69,-,27.79,23.89
-,-,-,3.39
-,35.99,-,34.99
2.39,2.49,-,2.39
-,57.89,-,-
-,38.19,42.99,36.99
-,4.99,5.59,4.89
54.59,56.79,64.09,55.19
15.89,-,-,16.09
35.79,37.29,41.99,36.19
-,-,-,12.39
-,-,28.39,24.49
-,-,54.99,47.29
-,36.19,40.79,35.19
-,-,53.19,45.79
45.39,-,53.19,45.79
19.89,20.69,-,20.09
44.69,-,52.39,45.19
-,36.49,-,35.39
26.09,-,-,26.29
22.59,-,26.49,22.79
-,-,30.09,-
-,26.39,-,25.59
32.89,-,-,-
49.09,51.09,-,49.59
-,-,-,37.89
47.69,-,-,48.19
38.49,-,-,38.89
27.39,28.49,32.09,27.69
37.49,-,-,37.79
-,-,-,6.29
-,-,17.99,15.49
-,-,-,18.39
-,-,3.39,2.89
-,-,66.49,57.29
-,57.89,65.19,56.19
15.49,-,-,15.59
-,12.99,14.59,12.59
-,-,57.49,49.49
12.19,12.69,-,12.39
23.89,-,-,24.19
-,50.69,-,49.19
28.19,-,32.99,28.49
-,37.49,-,36.39
51.59,-,60.59,52.19
-,-,-,37.59
-,-,-,14.19
-,20.69,23.29,20.09
-,47.59,-,46.19
-,-,63.19,54.49
55.59,-,-,56.09
-,13.39,15.09,-
23.29,24.29,27.39,23.59
49.09,51.09,-,49.59
-,-,14.79,-
29.99,-,35.19,30.29
-,-,20.79,17.89
-,-,-,50.19
-,36.69,41.29,35.59
23.59,24.49,-,23.79
-,50.99,-,49.49
-,-,51.49,-
-,-,-,37.79
-,55.89,-,54.29
-,-,-,32.89
15.59,-,-,15.79
11.69,12.19,13.69,11.79
45.39,-,-,45.89
-,-,5.59,4.79
-,-,-,25.69
-,-,41.59,35.79
-,-,56.59,48.79
-,-,-,31.79
-,58.09,-,56.39
-,-,15.19,13.09
-,13.99,-,13.59
-,-,-,6.49
-,-,-,16.49
-,35.19,39.59,34.09
53.59,55.69,62.79,-
48.79,-,57.19,49.29
30.79,-,-,31.09
52.59,54.79,61.69,-
14.09,14.59,16.49,14.19
16.19,-,-,16.29
-,-,31.79,27.39
23.09,23.99,27.09,23.29
35.29,-,-,35.69
-,46.49,-,45.09
-,39.79,44.79,38.59
30.59,-,-,30.89
9.79,10.19,11.49,9.89
-,-,53.79,46.39
38.29,-,44.89,38.69
-,20.79,23.49,20.19
32.79,-,38.49,33.19
-,26.79,-,26.09
3.99,4.19,4.69,4.09
-,-,-,51.39
49.39,-,-,49.89
29.59,-,-,29.89
-,-,29.69,25.59
-,-,4.89,4.19
7.79,-,9.09,7.79
-,-,-,35.49
55.99,58.19,65.59,-
-,-,53.19,45.79
-,-,63.99,-
-,-,-,16.49
-,-,0.99,0.89
28.49,-,33.39,28.79
28.89,-,-,29.19
26.49,27.59,31.09,26.79
-,12.19,-,11.89
-,37.19,-,36.09
-,-,-,52.59
48.39,50.39,-,48.89
-,25.89,-,25.09
53.79,-,-,54.39
-,53.99,-,52.39
46.79,-,-,47.19
-,25.49,-,24.79
38.69,40.29,45.39,-
39.49,-,-,39.89
-,23.39,-,-
-,1.39,1.49,1.29
-,-,42.59,36.69
-,-,-,4.99
37.39,38.89,43.79,37.79
-,42.29,-,41.09
-,-,7.19,6.19
37.59,-,44.19,37.99
-,-,-,52.69
32.29,33.59,37.89,32.59
-,-,21.69,18.69
26.19,27.19,30.69,26.49
11.89,-,-,11.99
17.09,-,-,17.29
-,44.69,-,43.39
-,-,9.99,8.59
29.99,31.19,35.19,-
-,-,-,1.79
-,7.79,-,7.59
33.29,34.69,-,33.69
-,-,-,23.49
49.29,-,57.89,49.79
52.59,54.69,61.69,-
-,-,56.99,49.09
-,50.89,57.39,49.39
-,28.79,32.49,27.99
2.19,2.29,-,2.19
-,38.89,-,37.79
-,16.29,-,15.79
-,-,-,17.19
-,-,-,46.89
-,-,3.29,2.79
-,-,-,29.89
38.69,40.29,45.39,39.09
-,34.19,-,33.19
-,19.09,21.49,18.59
-,43.99,-,42.69
54.39,-,-,54.89
-,32.39,-,31.39
-,-,-,51.49
42.49,44.29,-,42.99
-,24.29,27.39,23.59
53.49,-,62.69,53.99
42.79,-,-,43.19
-,-,-,4.79
18.29,-,21.49,18.49
-,-,-,3.79
-,-,-,35.09
-,-,-,7.69
38.99,-,45.79,-
-,-,13.09,-
32.59,-,-,32.89
-,19.89,-,19.29
0.79,-,0.99,0.79
9.29,-,-,9.39
39.09,-,-,39.49
-,18.19,-,17.69
9.09,-,10.69,9.19
46.39,33.89,-,46.79
-,-,58.49,50.39
-,-,-,19.79
21.09,-,24.69,21.29
39.69,-,46.49,40.09
-,10.49,-,10.19
-,-,-,14.39
-,14.49,16.29,13.99
-,-,-,25.89
-,-,-,35.49
12.49,-,-,12.69
-,-,-,23.59
-,41.09,-,39.89
-,9.49,10.69,9.19
12.29,12.79,14.39,12.39
-,44.39,50.09,43.09
15.29,-,-,15.49
-,-,62.19,53.59
35.39,36.79,-,35.69
-,42.99,-,41.69
-,-,-,17.49
-,-,46.09,39.69
-,-,-,39.89
55.99,58.29,-,56.59
-,19.19,21.69,18.69
-,55.39,-,53.79
-,-,-,35.29
18.99,-,-,19.19
-,-,-,53.99
-,-,-,41.89
2.39,-,-,2.49
-,57.79,-,56.09
17.79,-,-,-
35.19,-,-,35.59
-,-,-,5.99
-,-,19.09,16.49
-,-,-,32.29
-,0.89,-,0.79
-,-,-,12.99
-,-,-,43.19
-,-,-,1.89
-,39.49,-,38.29
-,-,25.09,21.59
22.59,-,-,22.79
-,-,36.39,31.39
-,37.09,-,35.99
-,-,-,56.49
42.09,-,-,42.59
54.29,-,-,-
-,-,-,19.89
43.69,-,-,44.19
-,-,3.39,2.99
-,-,-,56.19
22.99,23.99,-,23.29
22.79,23.69,-,22.99
-,-,58.19,50.09
9.19,9.59,-,9.29
-,54.49,-,52.89
-,-,23.49,20.19
9.99,10.39,11.79,10.09
12.09,-,-,12.19
-,16.09,18.09,15.59
47.49,49.49,-,47.99
-,-,-,32.89
-,-,29.79,25.69
-,-,23.09,19.89
38.09,39.69,44.69,38.49
40.09,-,-,40.49
10.69,-,-,-
-,-,-,13.39
6.09,-,7.09,6.19
-,-,-,38.39
-,1.29,-,1.29
-,-,31.39,27.09
28.99,30.19,-,29.29
34.89,-,40.89,35.19
-,-,-,22.29
-,-,-,21.29
6.59,-,7.69,-
4.59,-,-,4.69
14.19,-,16.59,14.29
2.89,-,-,2.89
-,-,-,30.49
-,-,-,28.19
-,-,30.49,26.29
-,-,29.39,25.29
50.19,-,-,50.69
-,-,39.39,33.89
4.89,-,5.69,-
-,-,15.19,13.09
5.09,5.29,-,5.09
14.59,-,-,14.69
-,-,-,7.29
9.29,9.59,-,9.39
15.69,16.39,18.39,15.89
-,-,66.39,57.19
-,-,46.39,39.99
36.59,37.99,-,36.89
18.69,-,21.89,18.89
37.39,-,-,37.79
-,-,-,26.99
19.29,20.09,-,19.49
19.29,19.99,-,19.49
-,-,56.29,48.49
42.49,44.29,-,42.99
-,19.29,-,18.79
46.99,-,55.09,47.39
-,26.09,-,25.29
35.09,36.49,-,35.39
43.49,45.19,50.99,43.89
-,-,20.09,-
17.89,18.59,-,18.09
-,-,48.29,41.59
-,-,-,43.59
-,21.79,-,21.19
54.79,56.99,64.29,55.29
-,-,-,1.59
21.49,-,-,21.69
-,11.19,12.59,10.79
-,-,34.19,29.39
-,-,-,26.79
-,32.09,36.09,31.09
-,47.39,-,45.99
-,-,-,19.29
-,-,3.29,2.89
-,-,25.79,22.19
39.69,-,-,40.09
37.39,-,43.89,37.79
-,3.49,3.89,3.39
-,50.69,-,49.19
10.19,-,11.89,10.29
14.79,-,-,14.89
-,28.79,-,27.89
10.19,10.59,11.99,10.29
-,-,-,11.79
-,-,-,16.99
37.19,38.69,-,-
-,21.79,24.59,21.09
-,-,-,8.59
-,-,17.49,14.99
-,26.69,30.09,25.89
-,-,-,57.39
-,-,32.79,-
-,42.89,-,41.59
-,-,-,18.19
45.39,-,-,45.89
-,-,-,8.69
52.89,-,-,-
-,-,19.49,-
-,28.19,31.69,27.29
21.29,-,-,21.59
-,53.39,-,51.89
9.89,10.29,-,9.99
31.59,32.89,36.99,31.89
7.49,-,8.79,7.59
49.09,-,-,49.59
-,-,-,21.89
-,-,-,57.19
-,-,-,15.59
-,-,-,8.89
-,-,55.09,47.39
40.09,-,-,40.49
-,-,-,32.19
6.79,-,-,6.89
18.19,18.89,-,18.29
3.19,-,-,3.19
-,-,-,18.59
-,-,-,6.19
49.59,-,-,50.09
7.49,7.79,8.79,7.59
46.59,-,-,47.09
3.59,-,-,3.59
30.79,-,36.19,31.19
55.59,-,-,56.19
-,-,50.49,43.49
-,-,42.59,36.69
-,-,-,25.99
-,-,-,38.09
7.59,-,8.89,7.59
-,-,1.79,1.59
43.69,45.49,-,44.19
-,-,15.39,13.29
14.29,-,-,14.39
-,26.79,-,-
43.29,45.09,50.79,-
-,-,-,28.79
-,51.89,-,50.29
-,-,18.69,16.09
-,-,-,17.59
-,50.79,-,49.29
-,-,-,35.59
-,-,10.19,8.79
56.59,-,66.39,-
-,-,57.69,49.69
37.69,-,44.19,37.99
1.59,-,-,-
-,32.69,-,31.69
-,-,-,54.49
34.69,-,40.69,34.99
-,-,-,25.49
-,52.89,-,51.39
-,4.59,5.19,4.49
-,-,-,46.29
-,-,34.79,29.99
-,-,-,22.59
-,41.89,47.29,40.69
-,-,2.49,2.19
31.69,32.99,37.19,31.99
5.59,-,-,5.59
-,-,54.29,46.79
13.99,14.49,16.39,14.09
14.19,14.79,16.59,14.29
-,-,4.89,-
-,43.29,48.79,41.99
43.99,-,51.59,44.39
-,17.69,-,17.19
-,-,-,35.99
-,54.39,-,52.79
-,22.59,-,21.89
54.39,-,-,54.99
-,3.59,3.99,-
-,51.39,-,49.89
51.39,-,-,51.99
-,41.69,46.99,40.49
15.29,-,17.99,15.49
37.79,39.29,-,38.19
-,-,30.29,26.09
27.09,28.19,-,27.39
28.59,-,-,28.89
28.29,-,-,28.59
21.49,22.29,-,21.69
-,44.49,-,43.19
-,-,20.99,18.09
-,46.39,52.29,44.99
-,-,62.49,-
19.29,-,22.59,19.49
-,51.69,-,50.19
-,8.89,10.09,8.69
-,-,-,43.29
-,4.09,4.59,3.99
8.99,-,-,9.09
-,20.19,-,19.59
-,-,16.39,14.19
46.79,-,-,47.19
-,-,-,6.89
37.49,38.99,-,37.89
-,40.39,-,39.19
-,-,-,36.19
-,-,-,52.49
31.69,-,37.09,31.99
42.59,44.39,-,-
32.99,-,38.69,33.39
40.09,41.69,-,-
-,-,-,7.29
-,-,-,27.09
-,-,65.19,56.19
-,-,12.89,11.09
41.29,-,-,41.69
-,24.29,-,23.59
56.19,58.49,65.89,56.79
-,-,-,6.69
-,-,33.89,29.19
-,-,-,25.79
53.39,-,-,53.89
-,-,43.69,-
40.89,-,47.89,-
-,-,37.79,32.59
26.89,-,-,27.19
-,35.09,-,34.09
48.59,-,-,48.99
-,5.09,5.79,4.99
-,-,-,17.59
-,-,40.89,35.19
-,10.99,-,10.59
-,-,57.49,49.49
-,-,-,41.49
7.79,-,9.09,7.89
-,-,-,16.99
18.09,-,21.19,18.19
-,40.49,45.69,39.29
49.29,51.39,57.89,49.79
-,38.49,43.39,-
20.29,21.09,-,20.49
37.29,-,43.69,37.69
-,23.49,-,-
52.19,54.29,-,52.69
-,-,-,26.09
-,-,27.39,23.59
33.69,-,39.59,34.09
4.99,-,5.89,-
-,52.19,-,50.59
-,-,-,2.89
4.19,4.29,4.89,4.19
-,-,44.89,38.59
40.99,-,-,41.39
38.79,40.39,-,39.19
-,-,6.69,5.79
-,40.89,-,39.69
-,-,50.79,43.69
-,-,-,17.19
4.89,-,-,4.89
37.09,-,43.49,37.49
-,58.69,66.09,56.89
16.89,-,-,17.09
17.89,-,20.99,18.09
-,-,64.19,55.29
-,-,-,24.69
23.59,-,-,23.89
-,46.79,-,45.39
-,52.09,58.69,50.59
54.29,-,63.69,54.79
-,25.99,-,25.29
-,-,52.49,45.19
35.19,36.59,41.29,35.59
53.79,55.99,-,54.29
-,-,17.09,14.79
-,5.29,5.89,5.09
45.79,-,-,46.29
46.09,-,-,46.59
-,-,-,1.89
-,-,-,47.59
-,59.39,66.89,-
-,20.59,-,-
23.39,24.29,-,23.59
24.59,-,28.89,-
-,-,28.19,24.29
-,43.99,49.59,42.69
-,21.49,24.29,20.89
-,16.09,18.09,15.59
-,-,62.49,-
-,38.09,42.89,36.99
-,-,-,20.99
-,-,-,52.99
-,53.39,60.19,51.89
36.09,37.59,-,36.49
43.19,-,50.69,43.69
-,-,-,9.39
43.89,45.69,-,44.29
-,2.99,3.39,2.99
-,-,-,14.89
27.99,-,32.79,-
-,-,27.39,23.59
-,-,22.59,19.39
29.79,-,34.99,30.09
15.79,16.49,-,15.99
49.49,-,-,49.99
-,-,-,16.19
-,-,62.29,53.59
-,6.19,-,5.99
14.39,14.99,-,-
-,-,39.99,34.39
-,-,-,16.49
-,21.99,-,21.29
-,-,-,15.09
3.19,3.29,3.69,3.19
13.49,-,-,13.59
11.19,-,13.09,11.29
-,-,21.19,18.29
17.69,-,20.79,17.89
-,-,-,13.09
-,20.19,-,19.59
25.19,-,-,25.49
12.49,12.99,-,12.69
16.19,16.89,-,16.39
-,-,56.79,48.89
-,-,-,55.89
-,26.69,30.09,25.89
-,-,-,54.69
40.89,-,-,41.29
-,-,-,33.09
-,29.59,-,28.69
-,18.79,21.09,18.19
-,-,23.39,20.19
-,-,63.49,54.59
55.99,58.29,65.69,56.59
-,-,45.39,39.09
-,-,-,8.19
-,57.59,-,55.89
49.99,51.99,58.69,50.49
-,12.59,14.19,12.29
26.59,-,-,-
-,-,-,51.59
16.99,-,-,17.19
-,36.89,41.49,35.79
-,-,51.19,44.09
-,-,-,18.99
31.89,-,37.39,32.19
29.49,-,-,29.79
15.79,16.49,-,15.99
38.99,-,-,39.39
-,44.99,50.79,43.69
-,-,-,47.99
-,33.59,-,32.59
-,32.59,-,31.69
-,-,-,43.19
-,-,-,24.19
-,-,-,35.69
-,54.49,-,-
-,-,25.29,-
50.29,-,-,50.89
-,-,-,46.29
-,-,-,26.99
39.69,-,46.59,-
55.49,-,-,56.09
30.89,32.19,36.29,31.19
-,-,15.39,13.29
16.89,17.49,-,16.99
-,-,-,1.19
43.29,-,50.79,43.69
-,50.99,-,49.49
-,-,38.99,33.59
-,43.99,-,42.69
56.39,58.69,66.19,56.99
35.79,-,-,36.09
22.99,23.89,-,23.19
-,-,-,55.99
-,-,62.49,53.79
-,8.89,9.99,-
35.69,-,41.89,36.09
-,-,-,30.29
-,38.69,-,37.59
33.09,-,-,33.39
-,-,-,42.89
-,10.69,12.09,10.39
-,40.09,45.09,38.89
53.89,-,-,54.39
-,12.89,-,12.49
-,-,-,11.19
-,35.89,40.49,-
-,52.19,-,50.69
-,-,5.53,4.75
-,50.75,57.13,-
-,16.81,-,16.31
7.22,7.52,8.44,-
3.26,3.37,-,3.33
26.37,-,-,26.64
4.86,5.02,5.67,-
-,2.95,3.22,2.81
-,5.54,6.21,-
27.56,28.64,32.23,27.73
-,25.71,-,25.01
7.26,7.53,8.55,7.36
-,5.11,-,-
-,46.67,52.54,-
23.7,24.65,27.74,23.94
16.32,17.05,-,-
13.63,-,-,13.71
-,16.3,18.37,15.84
-,18.86,-,-
9.7,10.15,11.45,9.81
-,51.16,-,-
7.85,8.16,-,-
50.92,53.0,59.73,-
-,46.67,-,45.3
-,53.86,-,52.34
-,36.46,-,35.37
52.45,54.64,61.56,53.07
20.51,21.37,-,20.74
24.71,25.7,-,-
42.12,43.83,-,42.57
2.97,3.01,-,-
34.43,35.86,40.3,-
10.9,11.42,12.8,11.15
25.13,26.16,-,-
25.81,26.85,-,-
1.52,-,1.83,-
22.11,23.06,25.9,22.36
-,3.64,-,3.5
45.13,46.91,-,45.52
16.63,17.26,-,16.74
-,-,-,13.35
-,40.01,-,38.96
31.61,32.81,-,31.93
-,20.97,-,-
-,38.84,-,-
34.2,-,-,34.53
-,26.86,30.2,-
-,29.06,-,-
28.45,29.6,33.33,28.72
23.42,24.31,27.47,-
-,19.5,-,18.91
-,-,-,41.96
-,12.32,13.84,11.92
-,1.97,-,1.86
7.14,7.41,-,7.23
45.93,47.73,53.87,46.36
20.56,21.43,-,20.77
-,31.06,-,30.11
9.92,10.34,-,10.03
43.15,-,50.51,43.56
-,20.65,23.34,-
-,52.53,-,51.07
30.73,32.07,36.14,-
4.74,4.93,5.51,-
2.9,3.0,3.33,2.96
10.5,11.02,-,-
-,53.26,60.02,51.75
39.86,41.41,-,40.21
2.4,2.57,2.85,2.45
7.46,7.73,8.71,-
31.36,32.64,36.72,31.64
21.75,22.63,-,-
-,38.66,43.5,-
-,3.67,-,3.52
11.81,12.36,13.81,-
-,1.12,-,1.12
46.0,-,-,46.51
-,-,56.14,48.32
32.07,33.31,37.52,32.32
47.86,-,56.02,48.26
-,47.93,-,46.51
2.45,2.55,2.8,-
23.04,23.97,-,-
-,51.66,58.24,50.12
32.95,34.33,38.67,-
-,12.02,-,11.72
7.66,7.94,-,-
18.13,18.8,21.25,18.32
35.06,-,41.12,-
10.53,10.94,-,10.66
30.57,31.73,-,-
10.54,10.92,12.34,10.67
-,25.64,28.92,24.92
22.11,23.02,-,22.34
51.71,53.82,60.73,52.33
-,45.15,-,43.71
-,21.26,23.9,20.54
-,19.2,-,-
-,34.77,-,-
21.24,-,-,21.43
-,30.4,34.27,29.56
31.91,33.25,-,-
14.13,14.74,-,14.35
-,-,23.4,20.16
50.77,-,59.46,-
36.7,38.25,-,-
50.42,52.56,59.1,-
-,35.73,-,34.77
17.35,18.02,-,-
27.17,28.2,31.82,-
-,19.9,-,19.37
29.03,30.21,34.06,-
9.22,9.57,-,9.3
47.61,-,-,-
51.71,53.83,-,52.21
-,32.14,-,31.21
-,18.73,21.14,18.21
-,49.4,-,48.04
13.0,13.52,-,13.25
21.9,22.83,25.75,22.1
-,18.96,-,-
36.14,37.62,42.4,36.52
-,8.26,-,8.04
-,20.03,-,19.45
24.52,25.56,-,24.76
-,18.91,21.36,-
-,54.54,-,52.91
-,-,34.22,29.55
47.6,49.52,-,48.1
52.1,54.27,-,-
27.91,29.15,32.81,28.24
12.65,13.1,-,-
12.04,12.53,-,12.16
26.9,28.04,-,27.21
15.86,-,18.54,15.96
50.51,52.6,-,51.17
44.32,46.17,-,44.74
-,42.84,-,41.56
24.32,25.35,-,24.61
18.36,19.01,-,-
-,-,42.9,36.97
-,5.57,-,-
16.15,16.87,18.94,16.37
-,-,28.97,24.93
6.47,6.72,-,-
15.92,16.64,18.67,-
53.5,55.75,62.86,54.11
53.3,55.53,62.51,53.84
52.72,54.91,61.84,-
-,34.55,-,33.55
-,53.62,-,52.02
43.02,44.76,50.45,43.46
5.21,5.45,6.02,5.23
32.85,-,-,-
33.63,35.0,-,34.04
29.47,30.61,-,29.74
53.36,55.53,-,-
3.31,3.42,-,-
27.66,28.84,32.41,27.96
-,45.66,-,44.21
31.15,32.44,-,-
-,27.41,-,26.64
-,36.34,-,35.26
39.75,41.33,46.64,-
-,41.05,-,39.82
48.65,50.51,-,49.17
-,13.4,-,-
-,31.35,35.25,30.37
-,24.1,-,23.47
-,38.87,43.73,-
31.5,32.82,-,31.84
39.25,40.81,45.9,-
-,39.97,45.01,38.72
51.02,53.12,-,-
-,-,39.72,34.21
7.41,7.75,-,7.51
26.43,27.53,-,26.75
-,2.21,2.42,2.13
45.62,47.41,-,46.02
-,25.33,28.55,-
-,42.03,47.33,-
41.3,-,-,-
-,27.1,-,26.34
3.35,3.55,3.97,3.46
36.7,38.23,43.05,-
-,-,-,7.43
-,33.93,-,32.96
-,17.96,-,-
-,33.21,37.47,32.22
48.72,-,-,-
14.75,15.35,17.35,14.93
24.7,25.76,-,24.95
50.11,52.24,-,-
-,11.2,-,-
18.55,19.32,21.7,18.74
53.77,-,-,-
-,35.26,-,34.23
34.51,35.96,40.51,-
-,43.72,49.34,-
45.84,47.74,53.8,-
-,8.16,9.23,7.95
-,1.91,2.22,1.95
-,6.42,-,6.22
50.45,52.54,-,50.95
27.34,28.42,-,27.55
27.82,28.92,-,28.07
-,-,-,21.97
15.87,16.45,-,-
-,7.14,-,6.95
-,4.63,-,4.46
51.16,53.23,59.97,51.67
-,19.85,-,-
-,35.94,-,34.8
30.2,31.43,-,30.56
-,35.71,40.24,-
-,31.2,35.21,30.34
29.6,30.81,34.71,-
-,49.31,55.64,-
-,-,47.16,-
2.22,2.32,2.65,2.23
-,36.24,-,-
-,-,14.44,12.45
30.17,31.34,-,-
20.92,21.71,-,21.13
-,44.84,-,-
13.35,-,-,-
29.87,31.05,34.94,-
34.7,36.1,-,35.17
12.55,13.05,-,12.66
-,14.92,-,-
12.14,12.55,14.12,-
-,-,-,32.42
52.2,54.3,61.34,52.76
-,-,26.97,-
-,25.93,29.12,25.17
-,9.44,-,9.13
37.53,39.05,-,37.91
-,10.66,-,-
-,22.65,-,-
8.45,8.85,9.94,8.5
23.0,24.07,-,-
4.23,4.3,-,4.21
31.75,33.02,-,-
51.73,53.82,-,52.22
-,22.13,24.95,-
44.15,45.9,51.83,-
52.97,-,-,53.47
46.95,48.8,-,47.47
28.67,-,33.64,-
-,50.01,-,48.51
45.95,-,53.8,46.32
-,43.15,48.62,41.95
38.11,39.61,-,-
53.57,55.7,-,54.16
25.02,26.05,-,-
5.96,6.11,-,-
19.04,19.85,22.3,19.2
12.27,12.74,-,12.42
24.66,25.55,28.83,-
15.55,16.12,18.25,15.74
-,0.94,-,0.97
25.14,26.12,-,-
-,50.9,-,49.42
17.46,18.2,-,17.63
-,-,43.72,37.63
-,1.83,2.0,1.8
-,33.85,-,32.81
10.02,10.42,-,10.13
43.86,-,-,44.32
-,-,37.8,-
35.32,36.84,41.45,35.74
50.9,53.03,59.7,51.4
-,6.37,-,6.15
7.32,-,-,-
-,42.06,-,-
47.54,49.45,55.77,-
29.07,30.14,34.0,-
46.67,-,-,-
47.26,49.27,55.46,47.75
45.51,47.31,-,45.92
27.21,28.35,31.93,27.45
32.54,33.82,38.17,42.79
2.36,2.42,-,2.33
52.97,55.11,-,-
-,44.63,50.26,43.37
34.46,35.8,40.42,34.82
14.64,15.22,-,-
47.14,49.07,-,-
-,50.25,56.62,48.87
48.82,50.86,-,-
23.27,-,-,23.45
13.83,14.3,16.23,-
17.0,17.73,-,17.26
3.97,4.11,-,-
35.12,-,41.21,35.55
44.72,46.53,52.41,-
37.46,38.96,-,-
37.44,38.95,43.81,37.85
-,6.05,6.82,-
22.44,23.3,-,22.67
17.45,18.16,-,-
-,37.73,-,36.63
-,19.12,-,-
35.32,36.77,41.42,-
-,-,34.55,29.74
23.96,24.95,-,24.22
-,51.34,-,-
33.56,34.86,-,33.81
-,37.94,42.83,36.83
40.94,42.66,48.01,-
13.03,-,-,-
-,42.87,-,-
-,-,33.32,28.77
27.01,28.17,-,27.35
-,29.15,32.7,28.21
27.07,28.16,31.62,-
37.23,38.83,-,37.63
-,31.65,35.67,30.64
-,-,-,14.96
-,22.34,25.1,-
-,23.36,-,-
43.53,45.36,-,43.9
-,14.11,-,13.76
5.8,-,6.73,5.86
13.12,13.63,-,-
-,-,43.11,37.1
-,40.17,45.22,38.95
-,7.37,-,7.15
44.24,46.02,-,44.7
42.3,44.06,-,-
-,29.26,-,-
-,51.87,58.31,50.25
24.04,25.02,-,-
17.81,18.52,-,-
-,3.22,3.66,3.15
-,54.61,61.55,-
-,27.75,31.26,26.92
-,-,39.37,33.9
1.76,-,-,-
-,52.52,59.22,50.94
10.04,10.43,-,10.15
-,23.06,25.92,22.36
24.02,25.04,-,24.26
-,27.26,30.72,-
18.64,19.42,21.87,-
4.85,5.02,-,4.93
43.03,44.75,50.47,43.47
15.94,16.64,-,-
-,-,31.34,-
36.5,38.02,-,-
-,23.06,25.96,22.32
47.54,49.51,-,48.06
-,2.81,3.14,2.72
7.5,7.86,8.83,-
1.17,1.27,1.34,1.15
-,10.94,-,10.5
-,31.72,-,30.83
12.91,13.42,15.12,13.05
-,-,-,22.35
-,46.15,-,-
1.86,1.81,2.12,-
27.33,28.45,32.01,27.66
12.25,12.74,-,12.44
22.57,23.45,26.42,22.77
3.26,3.31,3.73,3.25
-,34.2,38.53,33.24
-,2.4,-,-
-,54.95,61.95,53.37
6.97,7.25,-,-
-,36.23,40.81,35.16
4.62,4.8,5.3,4.64
51.85,53.92,60.84,-
15.16,15.72,-,-
-,35.42,39.95,-
-,12.11,13.77,11.83
23.0,23.94,26.91,-
-,46.32,52.15,44.94
43.31,45.07,50.84,43.73
33.07,34.45,38.76,-
-,44.82,50.55,43.55
-,44.87,-,-
-,19.67,22.16,-
42.4,44.14,49.75,42.87
33.27,34.63,39.06,-
-,25.77,-,25.02
21.43,22.37,25.15,21.7
24.34,25.3,28.51,-
-,25.11,-,-
31.31,-,-,31.66
46.65,48.52,-,47.16
-,37.06,-,35.96
45.24,47.16,-,45.72
36.67,38.01,42.93,36.97
-,27.01,30.54,26.24
-,-,-,35.9
-,6.12,-,-
-,15.27,-,14.74
17.33,18.04,-,-
-,2.85,-,-
53.86,56.01,63.12,54.34
52.85,54.9,-,-
14.77,-,-,-
11.81,12.35,13.97,12.02
46.56,48.44,-,-
11.66,12.14,-,11.73
-,23.62,-,22.94
-,48.13,54.24,-
-,27.84,31.37,-
34.22,35.65,-,34.57
-,51.0,-,-
35.3,36.87,-,35.76
13.36,13.95,15.65,-
18.93,19.62,22.11,19.1
43.47,45.14,-,43.87
51.11,-,-,51.75
-,54.87,-,53.27
12.23,-,-,12.43
-,23.06,-,-
46.67,48.52,54.77,-
12.0,12.42,-,-
28.52,29.71,33.46,28.86
-,17.56,-,17.03
-,49.16,55.36,47.65
-,34.86,39.26,-
22.37,23.31,26.21,-
46.53,48.45,54.65,47.05
41.71,43.41,48.93,-
-,36.94,-,35.82
-,53.01,59.86,51.53
30.9,-,-,-
-,15.45,-,15.05
11.13,11.52,-,11.27
19.26,20.02,22.57,19.47
43.17,-,50.63,-
4.54,4.73,5.37,4.61
24.23,25.11,28.33,24.45
33.65,35.01,39.44,-
-,47.63,53.77,46.34
-,31.11,35.17,30.2
-,55.15,62.11,-
12.3,12.86,-,-
-,48.54,-,-
12.81,13.36,-,-
6.11,6.44,-,-
15.51,16.12,-,-
32.13,33.44,-,-
50.8,-,59.67,-
46.32,48.24,-,46.84
-,30.42,-,29.51
49.91,51.9,-,50.43
13.3,13.91,-,-
-,16.02,-,15.56
25.76,26.81,-,26.06
-,-,-,22.17
-,34.9,-,33.95
42.41,44.12,49.71,-
-,37.72,-,-
29.07,30.21,34.04,-
9.33,9.77,10.93,-
43.55,45.36,-,44.06
-,7.01,7.95,-
36.32,37.84,42.61,-
-,19.82,-,19.21
31.27,-,-,31.56
24.5,25.56,-,24.73
3.83,4.06,4.55,3.97
-,50.33,-,-
-,-,55.06,-
28.11,29.21,33.03,28.47
24.06,25.02,28.13,24.26
4.04,-,-,4.03
7.41,7.75,-,7.45
-,34.76,-,-
53.13,55.25,-,53.6
43.01,44.72,50.4,-
-,53.84,-,52.31
-,16.15,-,15.64
0.93,0.92,1.03,-
-,28.11,-,27.35
27.4,28.55,32.2,-
-,26.23,29.56,-
11.16,11.62,-,-
33.91,35.32,-,34.26
-,51.44,-,49.94
45.94,-,-,46.41
23.61,24.62,-,-
51.07,53.16,59.9,-
49.26,51.25,57.75,49.74
44.44,46.22,-,-
-,24.23,27.31,-
36.7,-,43.15,37.17
37.54,39.02,-,37.96
21.45,22.23,25.12,21.61
1.37,1.37,-,1.34
34.43,35.82,40.43,34.8
-,4.97,-,4.81
-,36.93,-,-
-,40.17,45.24,39.04
-,6.0,-,-
-,37.23,-,36.11
49.56,-,-,50.05
30.63,31.93,-,30.91
-,18.31,-,17.82
24.81,25.87,-,25.13
-,11.74,-,11.42
16.31,16.96,19.14,16.43
40.81,42.43,-,-
-,-,9.53,8.2
28.57,29.65,33.4,28.85
-,1.83,2.05,-
7.23,7.47,8.4,7.23
31.67,-,37.12,31.92
-,22.92,-,22.34
-,48.73,-,47.31
-,51.96,-,-
-,-,54.16,46.67
46.4,48.32,54.46,-
-,-,-,26.63
2.16,2.12,-,2.12
-,36.93,41.66,35.85
14.92,15.53,-,15.0
16.25,16.8,-,16.3
44.07,-,51.7,44.57
-,2.86,3.17,2.7
28.06,-,32.96,-
-,38.23,-,-
31.23,32.52,36.65,-
17.42,18.14,-,17.62
40.15,41.72,-,-
-,53.7,-,52.13
-,30.71,-,29.81
48.45,50.33,-,48.84
40.36,42.02,47.3,-
22.22,23.17,26.03,22.44
50.72,52.83,-,51.27
-,42.25,47.62,-
4.62,-,5.34,4.66
17.44,18.15,-,17.66
-,3.7,-,3.66
-,34.34,-,33.36
7.26,7.56,8.51,-
-,38.54,-,-
10.67,11.0,12.44,-
-,32.24,-,31.25
18.17,18.97,21.36,18.31
42.22,-,-,42.64
-,0.84,0.93,0.86
-,11.47,12.8,11.15
8.83,9.22,-,8.95
37.17,38.64,-,-
16.64,-,-,-
8.73,9.0,-,8.84
-,45.85,51.62,44.43
-,49.25,55.56,-
18.66,-,-,18.85
-,20.8,23.4,20.2
-,-,44.11,38.0
9.57,9.94,-,9.67
13.57,-,15.83,13.64
13.27,13.7,15.51,13.34
24.35,25.35,28.57,24.62
33.43,34.72,-,-
11.95,12.44,-,-
-,23.05,-,22.42
-,9.04,-,8.75
-,12.12,-,-
-,42.16,-,-
-,15.13,17.07,-
50.31,52.44,-,50.82
33.66,34.92,-,33.94
-,-,45.94,39.65
-,-,19.31,-
-,38.84,43.73,-
37.55,39.06,-,37.85
-,55.32,62.32,53.75
17.51,18.2,20.64,17.76
50.55,52.63,59.35,-
33.12,34.5,-,33.5
18.05,-,21.15,18.27
-,52.81,59.52,51.2
-,41.04,-,39.81
-,2.44,-,2.3
52.71,54.86,-,-
16.94,-,-,-
33.43,34.77,-,-
5.67,5.92,-,-
15.56,16.16,-,15.6
-,31.63,-,30.77
0.86,0.85,0.94,0.81
-,12.77,-,-
40.67,42.25,-,41.05
-,1.87,-,1.8
-,37.45,-,36.33
20.35,21.17,23.83,-
21.47,22.3,25.11,-
29.5,30.72,34.63,29.84
33.81,-,39.67,34.1
-,55.22,-,-
-,37.37,-,-
40.02,41.67,-,40.44
-,-,60.43,52.15
18.76,19.52,22.06,18.91
41.57,43.27,-,-
-,2.95,3.35,2.81
52.8,54.91,-,53.3
21.97,22.84,25.6,22.17
-,22.57,25.32,21.84
47.17,49.05,55.21,47.52
-,9.12,-,-
-,51.73,-,50.22
19.03,19.85,-,19.27
9.51,9.9,-,-
11.51,11.95,13.45,11.65
14.74,15.33,-,-
-,46.92,-,45.57
30.91,32.24,36.36,-
24.1,-,28.33,24.42
-,-,21.97,-
36.2,37.61,-,36.52
38.03,39.56,-,-
-,10.64,11.91,-
12.62,-,-,12.77
5.83,6.07,6.85,-
36.11,37.62,42.37,36.56
1.25,1.33,-,-
25.47,26.5,-,-
-,28.7,-,27.81
33.12,-,38.82,-
20.96,21.7,24.57,21.17
2.27,2.34,-,-
20.0,20.83,-,20.25
-,6.55,-,6.31
-,4.66,5.26,4.53
13.54,14.0,-,-
-,2.95,-,-
28.65,29.87,33.65,-
26.56,27.57,-,-
-,25.76,-,25.05
-,24.76,27.95,24.04
47.61,49.63,-,-
31.9,-,-,-
4.76,4.87,-,4.7
-,12.81,-,12.55
4.86,5.07,-,4.97
-,14.44,-,14.06
6.94,7.11,8.06,6.93
-,9.14,-,-
-,-,17.55,15.13
25.83,26.8,-,26.03
-,-,63.07,-
37.66,39.13,-,-
34.73,36.12,-,-
17.73,18.46,-,17.97
-,-,41.67,35.84
25.46,26.41,29.81,-
18.3,19.12,-,18.57
-,19.06,-,-
45.52,47.41,53.46,46.06
-,-,-,40.75
-,18.45,20.76,-
-,46.46,-,45.05
23.82,24.72,27.97,24.0
33.32,34.64,-,33.63
41.24,42.91,48.4,-
-,16.96,-,16.41
-,17.76,19.93,-
39.14,40.7,45.85,-
-,42.67,48.05,-
19.94,20.75,23.37,-
52.0,54.1,-,52.55
1.54,1.54,-,-
-,21.22,-,20.67
10.21,10.67,-,10.33
-,28.83,-,-
-,26.26,-,-
-,30.45,-,-
43.26,44.9,50.76,43.63
-,18.9,-,-
2.77,2.85,3.16,-
20.91,21.74,-,-
37.65,39.22,-,38.05
35.5,36.93,-,-
-,3.37,3.82,3.24
46.27,48.11,54.23,-
-,10.02,-,9.75
-,14.61,-,-
-,27.37,-,-
9.7,10.17,-,9.83
11.15,11.66,-,11.22
16.02,16.66,18.81,-
35.22,36.72,-,-
-,20.76,-,-
8.05,8.47,-,8.1
-,52.86,-,51.23
-,14.75,16.64,14.32
24.36,25.33,-,24.63
53.97,56.15,-,54.44
26.55,27.64,-,-
-,40.64,-,39.56
-,17.8,-,17.32
43.11,44.82,50.53,-
8.23,8.52,-,-
50.25,52.21,-,-
15.83,16.44,18.51,15.95
25.74,26.76,30.14,-
-,21.13,23.73,-
-,50.7,-,-
-,9.87,-,-
-,31.22,35.1,30.35
-,7.4,-,-
-,48.54,-,47.14
20.65,21.42,24.11,-
-,-,-,54.2
14.75,15.35,-,-
8.45,-,-,8.55
44.56,46.35,-,-
38.12,39.63,44.76,-
30.31,31.53,35.52,30.61
6.57,6.72,7.66,6.51
-,17.95,20.2,-
3.05,-,-,-
17.52,18.26,-,17.77
40.75,42.3,-,41.16
-,49.07,-,47.54
-,7.47,8.37,-
44.27,46.05,51.8,44.65
3.47,-,-,3.44
29.34,30.4,-,29.66
52.82,54.97,-,53.34
40.82,42.52,-,41.27
34.55,35.94,-,34.84
24.43,25.42,-,-
-,37.24,41.96,-
7.21,7.52,-,-
1.52,1.5,1.77,-
-,43.26,-,-
12.57,13.07,14.6,-
13.61,14.1,-,13.72
-,25.43,-,-
41.16,42.82,48.22,-
-,28.12,31.73,-
-,49.2,-,-
15.2,15.82,-,-
-,17.24,-,16.76
46.31,-,-,-
-,34.82,-,33.86
-,8.6,9.75,8.47
-,55.94,63.07,-
-,48.63,-,47.11
35.77,37.23,41.95,36.15
1.55,1.65,-,-
29.87,-,-,-
51.24,53.32,-,51.7
-,34.21,-,33.23
23.92,24.91,28.12,24.24
48.22,50.27,-,-
4.24,4.45,4.94,4.37
43.51,45.37,-,-
28.25,29.35,33.17,-
21.26,-,-,21.41
38.25,39.84,-,38.66
2.17,2.14,-,2.12
30.17,-,-,30.41
5.34,5.5,6.22,5.3
-,-,51.5,-
-,13.86,-,13.46
13.54,14.05,-,13.61
4.02,-,-,4.06
-,41.06,-,39.84
41.77,43.4,48.91,-
16.16,16.81,18.97,16.33
-,35.13,39.6,34.15
49.61,51.67,58.25,-
-,21.42,24.25,-
51.64,53.73,60.66,-
-,3.4,-,-
46.83,48.77,54.92,47.34
48.86,-,-,49.31
38.0,39.66,44.61,38.41
14.6,15.14,17.11,14.7
-,37.37,42.11,-
24.54,25.55,-,-
-,26.86,-,26.02
27.16,28.37,-,27.45
26.91,28.07,-,27.17
20.33,21.26,-,-
40.67,42.2,-,41.05
17.07,17.72,-,17.26
-,44.07,-,-
50.52,52.62,59.3,51.13
-,19.04,-,18.56
-,49.12,55.36,47.64
8.27,8.53,-,-
40.61,42.3,-,-
-,-,-,3.83
-,8.91,-,-
18.41,19.15,-,18.6
13.34,13.83,15.62,-
44.4,-,-,44.82
-,6.87,-,-
19.65,-,23.07,19.83
35.67,37.03,-,35.92
36.83,38.34,43.2,37.2
34.01,35.41,-,34.32
-,51.35,-,49.83
30.03,31.31,-,30.35
-,42.1,-,-
-,-,36.75,31.64
38.07,39.63,-,38.47
-,7.1,8.06,-
-,26.54,-,25.76
52.76,-,61.91,53.34
-,10.8,12.21,10.57
39.21,40.84,-,39.63
-,23.16,-,-
53.35,55.55,-,53.96
6.37,6.51,-,6.37
-,-,32.26,27.71
24.36,25.26,28.43,24.5
50.7,52.7,-,-
35.44,36.8,-,-
38.81,40.34,-,39.25
30.6,31.8,-,30.91
-,26.6,-,25.87
32.01,-,-,-
46.17,-,54.02,46.54
4.72,4.97,-,4.74
16.54,17.25,-,16.72
-,34.43,-,-
-,10.44,11.74,10.12
46.57,48.46,54.56,46.92
-,40.56,-,-
7.42,7.75,8.7,-
15.94,16.61,-,-
17.14,17.84,20.17,17.32
36.94,38.52,-,-
-,48.75,54.97,-
35.17,36.5,-,35.41
19.25,20.05,-,-
35.4,-,-,-
21.41,22.37,25.17,-
49.56,51.52,58.06,50.02
24.57,25.53,-,-
-,23.15,-,-
32.02,33.31,-,32.31
-,4.92,5.62,-
-,2.84,3.16,2.73
-,4.15,4.66,-
-,37.83,-,36.74
38.96,40.54,45.66,-
-,38.3,43.25,-
5.57,5.73,-,5.54
37.33,38.86,-,-
-,42.81,-,41.54
16.1,16.8,18.92,16.36
-,4.81,-,4.76
35.21,-,41.32,35.57
-,55.77,-,54.06
16.12,16.73,-,-
17.04,17.64,-,17.16
51.96,54.05,-,52.43
-,24.12,27.25,-
22.4,23.31,26.32,-
-,44.47,-,-
-,49.41,-,48.07
51.57,53.61,60.46,-
-,24.75,-,-
-,44.23,-,42.94
33.43,34.87,39.23,33.75
-,53.1,59.91,-
-,14.43,-,14.04
-,5.05,-,4.81
43.54,45.24,-,-
43.84,45.56,51.35,44.26
-,1.87,-,1.87
44.7,46.53,-,-
-,56.37,-,54.7
18.82,19.55,-,-
-,23.13,-,22.41
-,24.3,-,23.66
-,23.76,26.71,-
40.16,41.71,-,-
19.63,20.47,-,19.85
-,15.32,-,14.86
-,36.12,-,35.16
-,-,23.1,-
-,-,58.33,50.21
48.75,50.74,57.15,49.2
0.74,0.73,-,-
-,35.67,-,-
-,42.74,-,41.41
8.8,9.23,10.3,8.92
-,-,48.86,42.04
2.84,2.96,-,2.83
14.05,14.6,16.45,14.23
26.61,27.63,31.15,-
22.22,23.14,-,22.44
-,19.0,-,-
-,-,33.27,28.6
15.07,15.65,17.61,-
47.03,48.91,-,-
-,15.87,17.9,-
50.32,52.42,-,50.83
5.71,5.91,-,-
13.75,14.22,16.03,-
-,33.62,-,32.6
-,-,18.2,15.61
20.06,20.84,-,20.2
14.16,14.73,16.67,-
3.06,3.17,-,-
12.85,13.35,-,-
-,11.11,12.46,-
17.24,17.97,20.13,17.37
-,26.55,-,25.77
16.87,17.53,19.73,-
12.3,12.83,-,12.42
-,19.1,-,-
11.91,12.42,13.96,-
15.42,-,18.02,15.52
45.92,47.81,53.93,46.4
-,54.73,-,-
24.45,25.41,-,24.63
51.44,53.55,-,-
38.84,40.37,45.52,39.2
31.12,32.41,-,31.47
-,28.16,-,27.36
-,17.82,-,17.34
-,19.73,22.2,19.11
51.35,53.41,-,-
53.14,55.34,-,-
36.75,38.25,-,37.14
-,54.76,61.61,53.1
47.44,49.44,-,47.92
-,12.03,13.57,-
-,26.31,-,25.5
48.5,50.44,-,49.02
16.14,16.87,-,-
33.62,35.04,39.44,33.94
41.43,43.16,-,41.86
-,18.54,-,-
30.26,31.52,-,30.51
-,29.17,32.82,28.26
15.0,15.63,-,15.22
37.01,38.52,-,-
-,42.7,48.24,-
45.16,46.92,-,-
-,-,-,30.96
-,31.05,-,30.06
-,42.2,47.62,41.02
22.8,23.75,26.71,23.06
-,-,39.44,-
49.75,51.71,58.36,-
-,21.31,24.05,20.7
-,-,-,48.2
43.55,45.25,51.04,43.91
25.31,26.33,-,-
37.72,39.21,-,38.14
-,54.87,61.81,-
29.32,30.56,-,29.61
12.54,13.05,-,-
-,-,18.87,-
1.11,1.14,-,1.15
-,42.75,48.2,-
46.56,48.43,54.52,-
-,32.84,-,-
40.16,41.73,-,-
53.53,55.77,62.82,-
33.94,35.32,-,34.35
-,22.7,-,22.01
52.64,54.74,61.77,53.14
50.67,52.62,-,51.14
8.15,8.45,-,-
-,35.34,39.81,34.31
28.53,29.67,-,-
-,36.74,-,35.63
31.43,32.66,36.82,31.7
40.3,42.07,-,40.75
-,22.16,24.92,-
9.81,10.25,-,9.94
-,38.02,-,36.91
51.13,53.22,-,-
11.84,-,-,11.93
-,11.04,12.32,10.64
-,34.13,-,33.12
47.65,49.57,-,-
-,5.19,-,5.09
52.39,54.49,-,52.89
-,18.09,-,17.59
-,8.09,-,7.79
-,-,-,3.49
-,29.49,-,28.59
5.09,5.29,-,5.19
-,3.09,-,2.99
-,-,-,5.79
-,-,-,29.79
26.59,27.69,-,26.89
7.79,8.09,-,7.89
5.29,5.49,-,-
48.19,50.09,-,48.69
-,26.49,-,25.69
17.49,18.29,-,17.69
14.59,15.19,-,14.79
16.79,17.49,-,16.99
-,20.19,-,19.59
-,10.79,-,10.49
52.79,54.99,-,53.29
-,8.69,-,8.39
54.79,-,-,55.29
48.19,50.19,-,48.69
-,57.89,-,56.19
-,39.19,-,37.99
-,58.69,-,56.99
-,22.89,-,22.29
-,27.69,-,26.89
-,56.69,-,-
-,47.09,-,45.69
3.09,3.19,-,-
36.99,38.49,-,37.39
11.79,12.19,-,11.89
-,28.09,-,27.19
-,28.89,-,27.99
-,1.69,-,1.59
-,24.69,-,23.99
3.69,3.79,-,3.69
-,50.49,-,48.99
-,18.49,-,17.99
14.09,14.69,-,14.29
41.39,43.09,-,-
-,35.29,-,34.29
21.59,22.49,-,21.79
-,41.69,-,40.49
36.79,38.29,-,37.19
27.69,28.89,-,27.99
-,31.19,-,30.29
-,31.79,-,30.89
25.19,26.19,-,25.39
20.19,20.99,-,20.39
-,46.39,-,44.99
-,13.19,-,12.79
-,1.99,-,1.99
7.69,7.99,-,7.79
-,-,-,49.79
22.09,22.99,-,22.29
-,33.39,-,32.39
10.59,11.09,-,10.69
46.29,48.19,-,46.79
-,22.19,-,21.59
54.29,56.49,-,54.79
-,34.39,-,33.39
-,5.29,-,5.09
-,3.19,-,3.09
11.29,11.79,-,11.39
-,57.29,-,55.59
-,-,-,43.19
-,2.69,-,2.59
7.89,8.29,-,7.99
-,35.09,-,33.99
23.29,24.29,-,23.59
-,41.59,-,40.29
-,3.89,-,3.79
-,13.19,-,12.79
1.09,1.19,-,1.09
-,51.49,-,-
51.49,53.59,-,51.99
-,35.79,-,34.69
-,53.49,-,51.89
-,51.49,-,49.99
2.59,2.69,-,2.59
-,25.69,-,24.89
-,55.49,-,53.89
-,36.89,-,35.79
-,12.89,-,12.49
-,8.49,-,-
-,20.19,-,19.59
-,57.09,-,55.39
-,39.19,-,38.09
11.29,11.69,-,11.39
-,34.09,-,33.09
-,11.79,-,11.39
-,27.59,-,26.69
-,24.69,-,23.99
-,57.89,-,56.19
-,48.49,-,47.09
-,22.79,-,22.09
-,20.59,-,19.99
35.89,37.29,-,36.19
22.79,-,-,-
31.39,32.69,-,31.69
-,-,-,34.59
-,15.79,-,15.29
-,22.29,-,21.69
-,56.69,-,55.09
-,41.09,-,39.89
54.19,56.39,-,54.79
36.89,38.39,-,37.29
-,19.29,-,18.79
18.79,19.59,-,18.99
-,30.39,-,-
-,21.39,-,20.69
31.19,32.49,-,31.49
9.89,10.29,-,9.99
-,53.29,-,51.69
55.59,57.79,-,56.09
-,-,-,33.49
19.39,20.09,-,19.59
51.09,53.19,-,51.59
13.99,14.59,-,14.09
-,24.49,-,23.79
-,20.29,-,19.69
-,40.49,-,39.29
8.49,-,-,8.59
-,21.49,-,-
26.29,27.39,-,26.59
19.59,20.39,-,19.79
-,58.59,-,56.89
31.39,32.69,-,31.69
-,53.29,-,51.69
-,58.29,-,56.59
-,31.29,-,30.39
13.59,14.09,-,13.69
-,13.39,-,12.99
-,-,-,29.19
16.99,17.69,-,17.09
54.39,-,-,54.89
-,49.59,-,48.09
-,45.99,-,44.69
26.19,27.19,-,26.39
-,20.39,-,19.79
-,40.89,-,39.69
-,5.89,-,-
-,17.99,-,17.49
-,27.59,-,26.79
6.89,7.09,-,6.89
-,17.79,-,17.29
-,59.99,-,58.19
57.39,59.69,-,57.89
56.69,58.99,-,57.29
-,37.09,-,35.99
-,57.59,-,55.89
46.19,-,-,46.69
-,5.79,-,5.59
35.29,36.69,-,35.59
36.19,37.69,-,36.59
-,32.89,-,31.89
-,59.69,-,57.89
-,3.59,-,3.49
29.69,30.89,-,29.99
47.09,48.99,-,47.59
-,34.79,-,33.79
28.29,29.49,-,28.59
37.49,38.99,-,37.89
42.69,44.49,-,43.19
-,-,-,42.79
-,54.39,-,52.79
45.69,47.49,-,46.09
-,14.39,-,13.99
32.29,33.59,-,32.59
-,25.89,-,-
-,41.69,-,40.49
33.89,35.29,-,34.19
42.09,43.79,-,42.59
-,42.89,-,41.69
54.89,57.19,-,55.49
-,37.89,-,36.79
-,8.29,-,7.99
-,-,-,28.69
-,0.59,-,0.59
2.19,2.29,-,-
-,50.99,-,49.49
-,-,-,26.49
43.39,45.19,-,43.79
44.39,46.19,-,44.89
27.99,29.09,-,28.29
-,3.69,-,3.59
39.49,41.09,-,39.89
7.79,8.09,-,7.89
34.99,36.49,-,-
-,19.19,-,18.59
-,35.69,-,34.69
-,54.49,-,52.89
-,16.49,-,15.99
-,27.59,-,26.79
-,56.09,-,54.49
-,12.09,-,11.69
-,20.79,-,-
-,60.09,-,58.39
36.39,37.89,-,36.79
-,9.09,-,8.79
37.09,38.59,-,37.49
45.19,46.99,-,45.69
-,51.29,-,49.79
-,8.79,-,8.49
1.99,2.09,-,1.99
6.59,6.89,-,6.69
-,56.49,-,54.79
-,30.49,-,29.59
-,31.09,-,30.19
-,39.59,-,38.39
23.29,24.19,-,23.49
-,17.69,-,17.19
-,7.59,-,7.39
4.69,4.89,-,4.79
-,57.19,-,55.49
-,21.29,-,-
37.09,38.59,-,37.49
-,5.59,-,5.39
-,33.79,-,32.79
36.89,38.39,-,37.29
-,33.59,-,32.59
-,-,-,32.09
-,53.09,-,51.49
43.19,44.89,-,43.59
-,2.39,-,2.39
-,38.99,-,37.79
-,13.69,-,-
-,33.69,-,32.69
-,35.39,-,34.29
-,23.39,-,22.69
46.29,48.19,-,46.79
-,14.89,-,14.39
-,33.29,-,32.29
37.29,38.89,-,37.69
13.39,13.89,-,13.49
-,15.99,-,15.59
-,13.49,-,13.09
34.49,35.89,-,34.79
-,58.49,-,56.69
-,25.69,-,24.89
-,27.79,-,26.99
-,10.09,-,9.79
40.29,41.99,-,40.69
-,11.29,-,10.99
23.29,24.29,-,23.59
8.99,9.39,-,9.09
-,25.79,-,24.99
-,4.69,-,4.49
-,35.49,-,-
55.59,57.89,-,56.19
-,23.79,-,23.09
-,49.39,-,47.99
56.89,59.19,-,57.49
-,52.49,-,50.89
-,32.09,-,31.09
51.69,53.79,-,52.19
49.29,51.29,-,49.79
44.59,46.39,-,45.09
-,42.59,-,41.39
-,59.89,-,58.19
-,27.99,-,27.19
-,6.49,-,6.39
20.49,21.29,-,20.69
-,-,-,13.29
26.39,27.49,-,-
16.69,17.29,-,16.79
-,0.99,-,0.99
26.99,-,-,27.19
-,54.79,-,53.19
-,19.49,-,18.99
-,41.69,-,40.49
-,1.89,-,1.89
-,36.39,-,35.29
10.69,11.09,-,10.79
-,49.09,-,47.69
-,36.09,-,34.99
37.99,39.49,-,38.39
54.79,56.99,-,55.29
-,6.69,-,6.49
7.79,8.09,-,7.89
-,45.19,-,43.79
-,53.19,-,51.59
-,32.39,-,31.49
-,52.09,-,50.59
50.79,52.89,-,51.29
-,-,-,49.39
29.19,30.39,-,29.49
-,36.39,-,35.29
2.39,2.49,-,2.49
-,59.29,-,57.49
-,47.99,-,46.49
-,38.59,-,37.39
15.69,16.29,-,15.89
-,52.69,-,51.19
51.89,54.09,-,52.49
-,54.69,-,53.09
24.99,25.99,-,25.19
14.79,15.39,-,14.99
-,18.99,-,18.49
4.19,4.39,-,4.29
-,39.29,-,38.19
48.09,49.99,-,48.59
40.19,41.89,-,40.59
-,41.89,-,40.59
-,6.49,-,6.29
-,25.09,-,24.39
-,19.49,-,18.89
-,40.59,-,39.39
19.69,20.49,-,19.89
37.89,39.49,-,38.29
-,32.99,-,31.99
-,26.79,-,25.99
53.09,55.19,-,-
-,37.49,-,36.39
-,40.79,-,39.59
44.09,45.79,-,44.49
-,14.59,-,14.09
44.29,46.09,-,44.69
-,31.79,-,30.89
-,30.29,-,29.39
-,31.29,-,30.29
-,41.69,-,40.49
-,33.99,-,32.99
-,16.49,-,15.99
22.99,23.99,-,23.29
-,25.09,-,24.39
46.79,48.69,-,47.29
14.59,15.19,-,14.69
-,6.39,-,6.19
14.09,14.59,-,14.19
39.49,41.09,-,39.89
-,43.19,-,41.89
-,7.89,-,7.59
47.59,49.49,-,48.09
-,47.29,-,45.99
30.19,31.39,-,30.49
-,55.69,-,54.09
-,26.89,-,26.09
-,19.89,-,19.29
-,3.49,-,3.39
56.39,-,-,56.99
28.59,29.79,-,28.89
36.09,37.49,-,36.39
-,1.89,-,1.79
54.29,56.49,-,54.79
-,11.09,-,10.79
23.79,24.69,-,-
25.79,26.79,-,26.09
-,29.29,-,28.39
19.99,20.79,-,20.19
-,5.39,-,5.19
-,48.09,-,46.69
17.09,17.79,-,17.29
28.69,-,-,28.99
-,40.79,-,39.59
23.69,-,-,23.99
-,53.19,-,51.69
-,2.99,-,2.89
7.99,8.39,-,8.09
-,1.19,-,1.19
11.19,11.69,-,11.29
32.79,34.09,-,33.09
-,14.39,-,13.99
-,24.69,-,23.99
-,49.59,-,48.19
1.89,1.99,-,1.89
29.39,30.59,-,29.69
13.09,13.69,-,13.29
16.99,25.19,-,24.39
-,3.49,-,3.39
-,36.79,-,35.69
2.39,2.49,-,2.49
-,-,-,57.29
-,7.69,-,7.49
-,38.89,-,-
4.89,5.09,-,4.99
-,57.99,-,56.29
16.29,-,-,16.39
36.59,38.09,-,36.89
12.49,12.99,-,12.69
-,-,-,24.99
-,49.79,-,48.29
-,48.49,-,46.99
35.49,36.99,-,35.89
-,48.19,-,-
-,48.19,-,46.79
-,21.09,-,-
45.59,47.49,-,46.09
-,37.19,-,36.09
-,27.69,-,26.89
-,23.99,-,23.29
-,27.19,-,26.39
25.89,26.99,-,26.19
-,34.99,-,33.99
-,52.19,-,-
-,39.79,-,38.69
48.59,50.59,-,49.09
39.29,40.89,-,39.69
-,29.09,-,28.19
38.19,39.79,-,38.59
-,-,-,6.39
15.69,16.29,-,15.79
18.59,19.29,-,18.79
-,3.09,-,2.99
57.89,60.19,-,58.49
56.79,59.09,-,57.29
-,16.39,-,15.89
-,51.99,-,50.49
12.49,12.99,-,12.59
24.39,25.39,-,24.69
49.69,51.69,-,50.19
28.79,-,-,28.99
-,38.29,-,37.09
-,54.79,-,53.19
-,39.59,-,38.39
-,14.89,-,14.49
-,21.09,-,20.49
46.69,48.59,-,47.09
54.99,57.29,-,55.59
56.69,58.99,-,57.29
-,13.69,-,13.29
-,24.79,-,23.99
50.19,52.19,-,50.69
-,13.39,-,12.99
-,31.89,-,30.99
-,18.89,-,18.29
50.69,52.79,-,51.19
-,37.39,-,-
-,24.99,-,24.29
49.99,52.09,-,50.49
-,46.59,-,45.29
38.19,39.69,-,38.49
-,57.09,-,55.39
-,34.59,-,33.59
15.89,16.59,-,16.09
-,12.39,-,12.09
20.69,21.49,-,20.89
46.39,48.29,-,46.89
4.89,5.09,-,4.89
-,-,-,26.19
36.19,37.59,-,36.49
-,51.29,-,49.79
-,33.49,-,32.49
56.89,59.29,-,57.49
-,13.79,-,13.39
-,52.19,-,50.69
-,14.29,-,13.89
-,6.79,-,-
-,17.29,-,16.79
-,35.89,-,34.79
54.69,56.89,-,55.19
-,51.79,-,-
-,32.69,-,31.69
53.69,55.89,-,54.19
-,14.89,-,14.49
-,-,-,16.69
-,28.79,-,27.99
-,24.49,-,23.79
-,37.49,-,36.39
45.59,47.49,-,46.09
-,40.59,-,39.39
-,32.49,-,-
9.99,10.39,-,-
-,48.79,-,47.29
-,7.59,-,7.39
39.09,40.69,-,39.49
-,21.29,-,20.59
-,34.89,-,33.89
-,27.39,-,26.59
-,4.29,-,4.19
51.99,54.09,-,52.49
-,52.49,-,50.99
30.19,31.49,-,30.49
25.79,26.89,-,26.09
4.29,-,-,4.29
-,8.19,-,7.99
35.89,37.29,-,36.19
-,59.39,-,57.69
-,48.09,-,46.69
55.69,-,-,56.19
-,17.29,-,16.79
-,0.89,-,0.89
-,30.29,-,29.39
-,30.69,-,29.79
27.09,28.19,-,27.29
11.99,12.49,-,12.09
-,37.89,-,36.79
-,55.29,-,53.69
49.39,51.39,-,-
-,26.39,-,25.69
-,-,-,55.49
-,55.09,-,53.49
-,49.69,-,48.19
-,25.99,-,25.29
39.49,41.09,-,39.89
-,41.99,-,40.79
22.99,23.89,-,-
1.39,1.39,-,1.39
-,38.49,-,37.39
5.09,5.29,-,5.09
-,39.69,-,38.49
41.49,43.19,-,41.89
6.19,-,-,6.29
-,39.99,-,38.79
-,55.49,-,53.79
-,34.29,-,33.29
-,19.69,-,19.09
-,27.79,-,26.99
12.09,12.59,-,12.19
17.49,18.19,-,17.69
-,45.59,-,44.29
-,8.99,-,8.79
30.59,-,-,30.89
1.89,1.89,-,-
-,7.99,-,7.79
33.99,35.39,-,34.39
23.69,24.69,-,23.89
50.29,52.39,-,50.79
-,55.89,-,54.19
-,51.69,-,50.09
49.89,51.89,-,50.39
-,29.39,-,28.59
-,2.29,-,2.19
-,39.69,-,38.59
-,16.59,-,16.09
17.39,18.09,-,17.59
-,-,-,47.89
-,2.99,-,2.89
-,31.39,-,30.49
39.49,41.09,-,39.89
-,34.89,-,33.89
18.69,19.49,-,18.89
-,44.89,-,43.59
55.49,57.79,-,56.09
-,32.99,-,32.09
51.99,54.09,-,52.59
43.39,45.19,-,43.79
-,24.79,-,-
-,-,-,55.09
43.59,45.39,-,44.09
4.89,5.09,-,4.89
18.69,19.49,-,18.89
-,3.99,-,-
35.49,36.89,-,35.79
-,8.09,-,7.89
39.79,41.49,-,40.19
11.39,11.89,-,11.49
33.29,34.59,-,-
-,20.29,-,19.69
45.39,47.19,-,45.79
-,0.89,-,0.89
-,12.29,-,11.89
-,9.79,-,9.59
39.89,41.49,-,40.29
17.89,18.59,-,-
-,9.69,-,9.39
-,49.19,-,47.79
-,52.99,-,51.39
19.99,20.79,-,20.19
-,22.39,-,21.69
40.49,42.09,-,40.89
-,-,-,10.39
-,15.09,-,14.69
-,14.79,-,14.29
-,27.29,-,26.49
-,37.29,-,36.19
-,13.29,-,12.89
23.79,24.79,-,24.09
-,41.89,-,-
9.29,9.69,-,-
12.59,13.09,-,12.69
-,45.29,-,43.99
-,16.19,-,15.79
-,56.29,-,54.69
-,37.59,-,36.49
-,43.79,-,42.59
17.69,18.39,-,17.79
-,41.69,-,40.49
40.29,41.89,-,40.69
57.19,-,-,57.79
18.89,19.59,-,18.99
-,56.59,-,54.89
-,37.09,-,35.99
-,20.19,-,19.59
-,56.79,-,55.09
42.29,-,-,42.79
2.49,-,-,2.49
56.69,58.99,-,57.19
-,18.89,-,18.29
35.89,37.39,-,36.29
6.09,6.29,-,6.09
-,17.29,-,16.79
-,33.99,-,32.99
-,0.89,-,0.89
-,13.69,-,13.29
-,45.39,-,44.09
-,-,-,1.89
-,40.29,-,39.09
-,22.69,-,21.99
-,23.99,-,-
-,32.99,-,31.99
-,37.79,-,36.69
-,59.39,-,57.69
-,40.19,-,38.99
-,-,-,43.39
55.39,57.69,-,55.99
-,20.99,-,20.29
-,46.39,-,45.09
-,3.09,-,2.99
56.79,59.09,-,57.29
-,24.49,-,23.79
23.19,24.19,-,23.49
50.59,52.69,-,51.19
9.39,9.79,-,9.49
53.49,55.59,-,53.99
-,21.29,-,20.59
-,-,-,10.39
12.29,-,-,12.39
-,-,-,15.99
48.49,50.49,-,48.99
-,34.59,-,33.59
-,26.99,-,26.19
20.09,20.99,-,20.29
-,40.49,-,39.29
40.89,42.49,-,-
-,11.39,-,10.99
-,14.09,-,13.69
-,6.49,-,6.29
38.79,40.39,-,39.19
1.29,1.39,-,1.29
-,28.49,-,27.59
-,30.79,-,29.89
35.59,36.99,-,35.99
22.49,23.39,-,22.69
-,2.49,-,2.39
-,22.39,-,21.69
-,6.99,-,6.79
-,4.89,-,4.79
-,15.09,-,14.59
-,3.09,-,2.99
30.79,31.99,-,31.09
-,29.59,-,28.79
-,27.69,-,26.79
-,26.59,-,25.79
-,53.29,-,51.79
34.29,35.69,-,-
-,5.19,-,4.99
-,13.79,-,13.39
-,5.39,-,-
14.89,15.49,-,14.99
7.39,7.69,-,7.49
-,9.79,-,9.49
15.99,-,-,16.19
-,-,-,27.99
57.79,-,-,58.39
-,41.99,-,40.79
37.29,38.79,-,37.69
19.09,-,-,19.29
-,39.69,-,38.49
-,28.39,-,27.59
-,20.49,-,19.89
19.69,20.49,-,19.89
48.99,50.99,-,49.49
-,45.19,-,43.79
-,19.69,-,19.19
-,49.89,-,48.39
-,26.59,-,25.79
-,37.19,-,36.09
44.39,46.19,-,44.79
17.49,18.19,-,17.69
-,18.99,-,18.49
41.99,43.79,-,42.49
-,45.89,-,44.49
-,22.29,-,21.59
-,58.19,-,56.49
-,-,-,1.59
-,22.79,-,22.19
-,11.39,-,11.09
-,30.89,-,29.99
-,-,-,27.39
31.39,32.69,-,31.79
46.49,48.29,-,46.89
-,20.29,-,-
-,2.99,-,2.89
22.49,23.39,-,22.69
-,42.09,-,40.89
-,39.69,-,38.59
3.39,3.59,-,3.49
49.69,51.79,-,-
10.39,10.79,-,10.49
-,15.69,-,15.19
28.19,29.39,-,28.49
10.39,10.89,-,10.49
11.99,12.39,-,12.09
-,17.89,-,17.39
-,39.49,-,38.29
21.39,22.19,-,21.59
8.59,8.99,-,8.69
-,56.79,-,55.09
-,15.79,-,15.39
-,27.19,-,26.39
-,60.29,-,58.59
-,29.69,-,28.79
41.99,43.69,-,42.49
-,19.09,-,-
46.29,48.19,-,46.79
8.79,9.09,-,8.89
53.99,-,-,54.49
-,17.69,-,17.09
27.59,28.69,-,27.89
21.79,22.69,-,21.99
-,54.49,-,52.89
-,10.49,-,-
-,33.49,-,32.59
-,7.99,-,7.79
-,52.19,-,50.69
-,22.99,-,22.29
57.79,60.09,-,58.29
15.79,16.39,-,15.89
-,9.39,-,9.09
-,49.89,-,48.39
40.99,42.59,-,41.39
-,33.89,-,32.89
6.99,7.19,-,6.99
18.49,19.29,-,18.69
-,3.39,-,3.29
18.79,19.59,-,18.99
-,45.59,-,44.19
-,6.49,-,6.29
-,52.69,-,51.19
7.59,7.89,-,7.69
47.49,49.49,-,47.99
3.59,3.79,-,3.69
-,32.79,-,31.79
-,59.09,-,57.29
43.89,45.69,-,44.39
-,38.59,-,37.49
-,27.29,-,26.49
-,39.99,-,38.79
-,1.59,-,1.59
-,46.49,-,45.09
-,13.99,-,13.59
14.59,15.19,-,14.69
26.29,27.39,-,26.59
44.19,45.99,-,44.69
29.09,30.29,-,29.39
50.89,52.89,-,51.39
-,-,-,16.49
17.79,18.49,-,17.99
49.79,51.79,-,-
-,37.39,-,36.29
8.89,9.29,-,8.99
57.79,60.09,-,58.39
-,52.29,-,50.69
38.39,39.99,-,38.79
1.59,1.69,-,1.59
-,33.29,-,32.39
-,57.29,-,55.59
35.39,36.79,-,35.69
-,26.79,-,25.99
51.89,53.99,-,52.39
-,4.69,-,4.59
46.79,48.69,-,47.29
30.29,31.59,-,30.59
-,23.69,-,-
-,-,-,41.49
-,2.29,-,2.19
32.39,33.69,-,32.69
-,5.89,-,-
47.29,49.19,-,-
-,14.79,-,14.39
14.49,15.09,-,14.59
4.29,4.39,-,4.29
42.39,44.09,-,42.89
-,46.69,-,45.29
-,17.99,-,17.49
-,37.79,-,36.69
53.39,55.59,-,53.89
-,23.09,-,22.39
-,57.79,-,56.09
3.49,3.59,-,3.49
-,52.39,-,50.89
52.49,54.59,-,52.99
-,42.59,-,41.29
-,16.29,-,15.79
38.59,40.19,-,-
-,27.49,-,26.69
27.69,28.79,-,27.89
-,30.39,-,29.49
28.89,30.09,-,29.19
-,22.79,-,22.09
43.59,45.39,-,44.09
-,18.99,-,-
-,47.29,-,45.89
-,56.59,-,54.89
-,20.39,-,19.79
-,9.09,-,8.89
-,-,-,44.19
-,4.19,-,3.99
-,9.59,-,-
-,20.59,-,19.99
14.29,14.89,-,14.49
47.69,49.69,-,48.19
-,7.29,-,-
21.09,21.89,-,21.29
-,39.79,-,38.69
-,41.19,-,39.99
36.59,38.09,-,36.89
52.99,55.19,-,53.59
-,33.59,-,32.59
-,45.29,-,-
33.69,35.09,-,33.99
40.89,42.59,-,41.29
-,7.59,-,7.39
27.39,28.49,-,27.69
56.69,58.99,-,57.29
11.19,11.69,-,11.29
42.09,43.89,-,42.59
-,24.79,-,24.09
-,59.69,-,57.89
-,6.99,-,6.79
29.49,30.69,-,29.79
26.09,27.19,-,26.39
54.49,56.69,-,55.09
-,39.59,-,38.49
-,43.39,-,42.09
-,34.19,-,33.19
27.49,-,-,27.79
-,35.79,-,-
49.59,51.59,-,50.09
4.99,5.19,-,5.09
-,18.49,-,17.89
-,36.99,-,35.89
-,11.19,-,10.89
49.99,51.99,-,50.49
-,43.59,-,42.29
-,8.29,-,-
-,17.79,-,17.29
-,19.19,-,18.59
-,41.39,-,-
-,52.39,-,50.89
-,39.29,-,38.09
20.69,21.49,-,20.89
-,39.59,-,38.39
22.99,23.99,-,23.29
53.19,55.39,-,53.79
-,27.39,-,26.59
23.89,24.79,-,24.09
34.39,35.79,-,34.79
-,-,-,5.19
-,53.19,-,51.69
-,2.99,-,2.89
-,4.39,-,4.29
38.99,40.59,-,39.39
41.79,43.59,-,42.29
-,41.19,-,39.99
5.89,6.09,-,5.89
40.09,41.69,-,40.49
44.19,45.99,-,44.59
17.29,17.99,-,17.49
-,5.19,-,4.99
-,39.39,-,38.19
-,59.89,-,58.09
-,17.99,-,17.39
-,18.99,-,-
-,58.09,-,-
24.89,25.89,-,25.19
-,25.09,-,24.39
45.89,47.69,-,46.29
-,53.19,-,51.59
-,57.69,-,55.99
-,26.59,-,-
45.69,47.59,-,46.19
-,37.39,-,-
-,-,-,55.49
-,15.49,-,15.09
5.19,5.39,-,5.19
-,48.69,-,47.19
-,48.99,-,47.59
1.89,1.89,-,1.89
-,49.99,-,48.59
-,60.59,-,58.79
-,20.99,-,20.39
-,24.79,-,24.09
25.09,26.19,-,25.39
-,25.49,-,24.79
-,44.89,-,43.59
-,21.99,-,21.29
15.79,16.39,-,15.89
-,56.59,-,54.89
-,38.89,-,37.69
-,22.09,-,21.39
-,55.69,-,54.09
-,-,-,52.89
-,0.79,-,0.69
36.79,38.29,-,-
44.09,45.89,-,44.59
-,9.79,-,9.59
-,46.59,-,45.19
2.99,3.09,-,2.99
-,15.69,-,15.19
-,29.69,-,28.89
23.79,24.79,-,24.09
-,-,-,19.79
-,31.69,-,30.69
-,16.79,-,16.29
-,52.59,-,-
16.39,16.99,-,16.49
54.19,56.39,-,54.69
-,6.29,-,6.19
-,15.29,-,14.89
-,36.19,-,35.09
-,17.29,-,16.79
-,22.39,-,21.79
15.19,15.79,-,15.39
3.19,-,-,3.29
-,14.29,-,13.89
-,11.89,-,11.49
24.09,19.19,-,18.69
-,28.49,-,27.69
-,18.79,-,18.29
-,13.69,-,13.29
-,20.59,-,19.99
-,26.79,-,25.99
12.79,13.29,-,9.09
-,17.19,-,16.69
-,51.39,-,49.89
56.49,58.79,-,57.09
-,27.29,-,26.49
-,57.49,-,55.79
-,43.39,-,42.09
-,34.79,-,-
28.99,-,-,29.29
18.39,19.09,-,18.59
-,21.19,-,20.59
55.19,57.49,-,-
-,59.49,-,-
-,41.09,-,39.89
-,8.59,-,8.39
-,58.79,-,57.09
-,53.09,-,51.59
-,12.89,-,12.49
-,28.29,-,27.39
52.19,54.29,-,52.69
-,18.09,-,17.49
36.09,37.59,-,36.49
-,46.39,-,44.99
19.19,19.89,-,19.29
32.49,33.79,-,32.79
-,31.29,-,30.39
-,16.79,-,16.29
39.79,41.39,-,40.19
44.19,45.99,-,44.59
-,50.49,-,48.99
-,34.29,-,33.29
-,33.29,-,32.29
-,45.39,-,44.09
-,25.49,-,24.69
-,37.59,-,36.49
-,55.69,-,53.99
-,22.89,-,22.19
51.39,53.49,-,51.89
46.79,48.69,-,61.39
27.19,28.29,-,27.49
-,42.19,-,40.99
-,58.99,-,57.29
31.59,32.79,-,31.89
-,13.99,-,13.59
17.19,17.89,-,17.39
1.19,1.19,-,1.19
-,45.99,-,44.59
-,51.99,-,50.49
33.89,35.29,-,34.29
-,44.89,-,43.49
-,59.99,-,58.19
-,37.99,-,36.89
-,24.39,-,23.69
56.59,58.89,-,57.19
-,56.59,-,54.99
8.69,9.09,-,-
-,37.99,-,36.89
-,31.89,-,-
37.89,39.49,-,38.29
33.69,35.09,-,34.09
43.39,45.09,-,43.79
-,23.69,-,22.99
10.49,10.89,-,10.59
-,40.89,-,39.69
-,57.19,-,55.59
12.69,13.19,-,12.79
11.29,11.79,-,11.39
-,36.69,-,35.59
-,53.29,-,51.69
1.99,5.69,-,5.49
1.99,59.49,-,57.79
1.99,19.69,-,-
-,8.79,9.89,-
1.99,-,-,-
1.99,32.19,36.19,-
1.99,5.79,6.49,5.59
1.99,3.39,3.79,3.29
1.99,6.49,-,6.29
1.99,33.49,-,32.59
1.99,30.19,-,29.29
1.99,8.79,9.89,8.59
1.99,5.99,-,5.79
1.99,54.69,61.59,53.09
1.99,28.89,32.59,27.99
1.99,19.89,22.39,19.29
1.99,16.59,-,-
1.99,19.09,-,18.49
1.99,21.99,24.79,-
1.99,11.79,13.29,-
1.99,59.89,-,-
-,-,10.69,-
1.99,62.19,-,-
-,-,61.69,-
1.99,63.19,-,-
1.99,42.69,-,-
1.99,63.99,72.19,62.19
1.99,24.99,28.19,24.29
1.99,30.19,-,-
1.99,61.79,-,59.99
1.99,51.39,57.89,-
1.99,-,3.89,3.39
1.99,41.99,-,-
1.99,13.39,14.99,-
1.99,30.59,34.49,29.69
1.99,31.49,35.49,30.59
1.99,1.79,-,-
1.99,-,30.39,26.19
1.99,4.19,4.69,4.09
1.99,55.09,62.09,-
1.99,20.19,22.79,-
1.99,15.99,-,15.59
1.99,46.99,52.99,-
1.99,38.49,-,37.39
1.99,-,-,23.79
1.99,45.49,-,44.19
1.99,41.79,47.09,-
1.99,31.49,35.49,30.59
1.99,33.99,38.29,32.99
1.99,34.69,39.09,-
1.99,28.49,-,-
1.99,-,-,22.19
1.99,-,56.99,49.09
1.99,-,16.19,13.99
1.99,2.19,-,2.19
1.99,8.69,9.79,-
1.99,55.99,63.09,-
1.99,25.09,-,-
1.99,-,-,35.39
1.99,12.09,-,11.69
1.99,52.59,59.29,51.09
-,24.19,27.29,-
1.99,61.59,-,59.79
1.99,37.49,-,36.39
-,-,6.49,5.59
1.99,3.49,-,3.39
1.99,12.79,14.49,-
1.99,62.49,70.39,-
1.99,48.59,54.69,-
1.99,2.89,3.29,-
1.99,8.99,10.09,-
1.99,38.19,-,-
1.99,26.49,-,25.69
1.99,45.29,-,43.99
-,4.19,-,4.09
1.99,14.39,-,-
1.99,-,1.39,-
1.99,56.19,63.29,-
1.99,58.49,-,56.69
-,38.99,43.99,37.89
1.99,-,-,56.59
1.99,56.19,63.39,54.59
1.99,-,-,-
1.99,27.99,-,-
1.99,60.59,68.29,58.79
1.99,40.19,-,38.99
1.99,-,15.89,-
1.99,9.29,-,-
1.99,22.09,-,-
-,-,70.09,-
1.99,42.79,-,41.49
1.99,12.79,-,-
1.99,37.19,41.89,-
1.99,12.79,-,12.39
1.99,30.09,-,-
1.99,26.99,-,-
1.99,63.19,-,61.29
1.99,52.89,59.59,51.29
1.99,24.79,27.99,-
1.99,22.49,25.29,21.79
1.99,40.69,-,-
1.99,25.89,29.19,25.09
1.99,35.59,-,34.59
1.99,38.89,-,37.79
1.99,17.19,-,-
1.99,-,27.39,23.59
1.99,-,69.79,-
1.99,44.89,50.59,-
1.99,61.59,-,-
1.99,41.89,-,40.69
1.99,21.09,23.79,20.49
1.99,21.29,-,20.69
1.99,-,-,-
1.99,-,-,-
1.99,35.39,-,34.39
1.99,11.19,12.59,-
1.99,58.09,65.49,56.39
1.99,63.09,-,61.19
1.99,37.69,-,36.59
1.99,21.99,-,-
1.99,57.99,-,56.29
1.99,-,17.89,-
-,-,-,25.89
1.99,22.09,-,21.49
1.99,44.09,49.69,42.79
1.99,9.69,-,-
1.99,23.39,26.39,22.69
1.99,-,33.69,-
1.99,22.19,-,-
1.99,63.99,72.09,62.09
1.99,35.59,40.19,-
1.99,58.09,65.49,56.39
1.99,-,-,-
1.99,34.09,38.39,-
1.99,15.39,-,-
1.99,14.59,-,14.19
1.99,32.89,36.99,-
1.99,19.19,21.69,-
1.99,61.69,-,-
1.99,54.09,-,52.49
1.99,50.19,-,48.69
1.99,29.69,-,-
1.99,22.29,-,-
1.99,44.59,-,43.29
1.99,6.39,7.19,6.19
1.99,19.69,22.19,-
1.99,30.09,-,29.19
1.99,7.79,-,-
1.99,19.39,-,18.79
1.99,65.39,73.69,63.49
-,65.09,73.39,63.19
1.99,64.39,72.59,-
1.99,40.49,-,39.29
1.99,62.79,70.79,60.99
1.99,52.49,59.09,50.89
1.99,6.29,-,6.09
1.99,39.99,45.09,38.79
1.99,41.09,46.29,-
-,-,40.39,-
1.99,65.09,-,63.19
1.99,3.99,-,-
1.99,33.69,-,-
1.99,53.49,-,51.89
1.99,37.99,42.79,-
1.99,32.09,36.19,-
1.99,42.59,-,-
1.99,48.49,-,47.09
1.99,48.09,54.19,46.69
1.99,-,66.89,-
1.99,-,-,50.29
1.99,15.69,17.69,-
1.99,36.69,41.29,35.59
1.99,28.29,-,27.39
1.99,45.49,51.29,44.19
1.99,38.49,-,-
1.99,-,53.89,-
1.99,46.79,-,45.39
1.99,62.29,-,-
1.99,41.29,46.59,40.09
1.99,8.99,-,8.69
1.99,32.19,-,-
1.99,0.69,0.69,0.59
1.99,-,2.79,-
-,55.69,-,53.99
1.99,29.69,-,-
1.99,49.29,55.49,-
1.99,50.39,-,-
-,31.69,-,30.79
1.99,3.99,-,3.89
1.99,44.79,-,-
1.99,-,9.99,8.59
1.99,39.79,44.79,38.59
-,20.89,-,-
1.99,38.89,43.89,37.79
1.99,59.39,-,-
1.99,17.99,20.19,17.39
1.99,30.09,33.89,29.19
1.99,61.19,68.99,59.39
1.99,13.09,14.79,12.79
1.99,22.59,-,21.99
1.99,65.59,-,63.69
1.99,41.29,-,40.09
1.99,9.89,-,-
1.99,42.09,-,-
1.99,51.29,57.79,49.79
1.99,55.99,-,54.39
-,9.49,-,-
1.99,-,-,-
1.99,7.49,8.49,7.29
1.99,61.59,69.39,59.79
1.99,33.29,-,32.29
1.99,-,-,-
1.99,43.19,48.69,41.89
1.99,26.39,29.79,25.69
1.99,19.29,-,18.69
-,8.29,9.29,-
1.99,5.39,5.99,5.19
-,62.39,-,60.59
1.99,23.19,26.09,-
1.99,42.09,-,-
1.99,6.09,-,5.89
1.99,36.79,-,35.69
1.99,41.89,47.19,-
1.99,36.59,41.29,35.49
1.99,36.09,-,-
1.99,57.89,-,56.19
1.99,48.99,55.19,47.59
-,2.69,2.99,-
1.99,42.49,-,-
1.99,14.99,-,-
1.99,36.69,-,-
1.99,-,-,37.39
1.99,25.49,28.69,24.69
-,52.59,59.29,-
1.99,16.19,18.29,15.79
1.99,-,-,35.29
1.99,42.39,47.79,41.09
1.99,15.19,-,14.69
1.99,-,19.69,16.99
1.99,14.69,16.59,14.29
1.99,39.19,44.09,37.99
1.99,63.79,71.89,-
-,27.99,-,-
1.99,30.29,-,-
1.99,-,-,10.69
1.99,45.79,51.59,44.39
1.99,12.39,-,11.99
1.99,26.49,29.79,25.69
1.99,10.29,-,-
1.99,28.09,-,-
1.99,5.09,-,-
1.99,38.69,-,-
1.99,63.09,71.09,-
1.99,25.99,29.29,-
1.99,53.89,-,-
1.99,-,72.79,-
1.99,57.29,-,-
1.99,34.99,39.39,-
-,58.69,66.09,56.89
1.99,55.99,63.09,54.39
1.99,50.59,57.09,49.09
1.99,-,52.39,45.09
1.99,65.39,73.69,63.39
1.99,30.49,-,29.59
1.99,7.09,-,-
-,-,-,22.49
1.99,14.89,-,-
1.99,29.99,33.79,-
1.99,18.89,21.29,-
1.99,1.09,1.19,-
-,-,34.49,-
1.99,59.79,-,57.99
1.99,-,-,-
1.99,45.49,51.29,-
1.99,2.09,2.39,-
1.99,39.69,44.69,-
1.99,12.09,-,-
1.99,53.49,-,-
1.99,39.39,-,-
1.99,43.09,-,41.89
1.99,62.19,70.09,60.29
1.99,7.29,8.29,-
-,8.89,-,-
1.99,49.29,55.49,-
1.99,57.99,65.39,56.29
1.99,35.39,39.89,34.29
1.99,56.89,-,-
1.99,57.69,64.99,-
1.99,55.59,62.59,53.89
1.99,33.19,37.39,-
1.99,39.69,44.69,-
1.99,2.69,3.09,2.69
1.99,-,72.89,62.79
1.99,52.29,58.99,50.79
1.99,-,-,-
1.99,17.79,-,17.29
1.99,57.49,64.79,-
1.99,58.99,66.49,-
1.99,59.59,-,-
1.99,28.29,-,27.49
1.99,16.79,-,16.29
1.99,4.79,-,4.59
-,42.89,48.29,41.59
1.99,-,61.49,-
1.99,45.69,-,-
1.99,45.69,51.49,-
1.99,7.09,7.99,6.89
1.99,27.39,-,-
1.99,21.29,23.99,20.59
1.99,44.29,-,42.99
1.99,22.39,-,21.69
-,43.09,-,41.79
1.99,-,-,-
1.99,29.19,-,-
1.99,60.19,-,58.49
1.99,40.89,46.09,-
1.99,44.49,-,-
-,49.99,-,-
1.99,15.89,17.89,-
1.99,50.29,-,48.79
1.99,34.69,-,33.69
-,32.99,37.19,32.09
1.99,34.09,-,-
1.99,32.89,-,-
1.99,-,-,-
1.99,36.99,-,-
1.99,17.99,-,17.49
-,26.19,29.49,25.39
1.99,27.39,-,26.59
-,53.09,59.89,51.59
1.99,16.49,18.59,16.09
1.99,6.99,7.89,-
1.99,15.99,-,15.49
1.99,44.79,-,43.49
1.99,47.09,53.09,-
1.99,8.59,-,-
1.99,53.99,-,-
1.99,-,58.19,50.09
1.99,34.29,-,33.29
1.99,-,-,-
1.99,29.29,32.99,-
1.99,21.69,24.49,-
1.99,3.79,-,-
1.99,64.09,72.19,62.19
1.99,-,-,-
1.99,40.89,-,-
1.99,1.99,2.29,1.99
1.99,-,69.39,59.79
1.99,12.19,13.69,11.79
1.99,26.99,-,26.19
1.99,-,-,28.39
-,31.89,35.99,30.99
1.99,-,25.59,-
1.99,-,6.59,-
1.99,52.49,59.09,-
1.99,19.39,-,-
1.99,32.59,-,31.59
1.99,44.49,-,43.19
1.99,-,-,-
1.99,58.09,-,56.39
1.99,3.19,3.59,-
1.99,9.09,-,8.89
-,1.29,1.49,-
1.99,12.69,-,12.39
1.99,37.19,41.89,36.09
1.99,15.69,-,15.29
1.99,26.89,-,26.09
1.99,54.09,-,-
1.99,2.09,2.39,-
1.99,-,37.59,32.29
1.99,-,16.79,14.49
1.99,27.39,30.89,26.59
1.99,3.89,4.29,3.69
1.99,40.09,-,38.89
-,2.69,-,-
1.99,-,-,62.49
1.99,8.39,-,-
1.99,42.49,-,-
1.99,5.59,6.29,-
1.99,63.29,-,-
1.99,18.39,20.79,17.89
1.99,41.49,46.79,40.29
1.99,14.19,-,13.79
1.99,27.99,31.59,27.19
1.99,54.29,-,-
1.99,52.89,-,51.29
1.99,40.29,-,39.09
1.99,52.49,-,50.99
1.99,52.59,59.29,50.99
1.99,22.99,-,-
1.99,51.79,58.39,50.29
1.99,-,45.79,-
1.99,30.19,33.99,-
1.99,-,29.49,25.39
1.99,-,33.49,-
1.99,29.39,33.09,-
1.99,38.19,42.99,36.99
1.99,56.89,64.09,-
1.99,43.49,48.99,-
1.99,55.19,62.19,53.59
1.99,44.59,-,-
1.99,-,35.69,30.79
1.99,-,-,-
1.99,7.19,8.09,-
1.99,17.79,-,17.29
1.99,21.09,23.79,20.49
1.99,3.29,3.69,-
1.99,65.69,74.09,-
1.99,64.39,-,62.49
1.99,17.89,-,17.39
1.99,14.39,16.29,13.99
-,56.79,63.99,55.09
-,14.19,15.99,-
1.99,27.69,31.19,-
1.99,-,-,-
1.99,32.59,36.79,31.69
1.99,-,-,-
1.99,59.79,67.39,58.09
1.99,-,-,41.89
1.99,16.29,18.29,15.79
1.99,22.99,25.89,22.39
1.99,-,59.69,-
1.99,62.49,-,-
1.99,64.39,-,62.49
1.99,14.89,-,14.49
1.99,26.99,30.39,-
1.99,56.89,-,55.29
1.99,14.59,16.39,-
1.99,34.79,39.19,-
1.99,20.59,-,19.99
1.99,57.59,64.89,55.89
1.99,-,45.99,39.59
-,27.29,-,26.49
1.99,56.79,-,55.09
1.99,50.89,57.29,-
1.99,43.29,48.79,-
1.99,62.19,-,-
1.99,37.69,42.49,36.59
1.99,18.09,-,17.59
-,-,15.29,13.09
1.99,23.39,-,22.79
1.99,-,-,-
-,5.49,6.19,5.29
1.99,29.49,33.19,28.59
1.99,40.99,-,39.79
1.99,55.89,-,-
1.99,36.49,-,-
1.99,64.59,72.89,-
1.99,-,16.89,14.59
1.99,56.89,64.19,55.29
1.99,-,-,-
1.99,7.49,8.39,-
1.99,18.89,21.29,18.39
1.99,-,44.09,37.99
1.99,61.99,-,-
1.99,-,63.69,54.89
1.99,35.69,40.19,34.59
1.99,60.99,68.69,-
1.99,16.29,18.29,-
1.99,18.69,21.09,-
-,31.39,35.39,-
1.99,26.69,30.09,25.89
1.99,40.89,46.09,-
1.99,51.79,-,-
1.99,44.29,-,-
1.99,-,-,34.39
1.99,11.29,12.79,10.99
1.99,53.19,59.89,51.59
1.99,8.29,-,-
1.99,44.39,49.99,42.99
1.99,23.19,-,22.49
1.99,38.09,42.89,-
1.99,29.89,-,28.99
1.99,4.69,5.19,-
1.99,58.99,66.49,-
1.99,57.29,64.59,-
-,34.29,38.69,33.29
1.99,29.29,32.99,28.39
1.99,-,5.49,4.69
1.99,-,10.09,-
1.99,40.69,45.89,39.49
1.99,64.79,-,62.89
1.99,52.49,59.19,-
-,63.19,-,61.29
1.99,18.89,-,18.29
1.99,0.99,-,0.99
1.99,32.99,-,31.99
1.99,33.49,-,-
1.99,30.69,34.59,29.79
1.99,13.59,-,13.19
1.99,41.39,-,-
1.99,-,-,-
1.99,56.09,63.19,-
1.99,28.79,32.49,-
1.99,62.29,70.29,-
1.99,60.09,-,58.39
1.99,54.19,61.09,52.59
1.99,28.39,-,-
1.99,44.79,-,-
1.99,45.79,-,-
1.99,26.09,-,-
1.99,1.49,-,-
1.99,41.99,47.39,-
1.99,-,6.49,-
1.99,43.29,-,-
1.99,-,53.09,-
1.99,7.09,-,6.89
1.99,-,49.19,42.29
-,60.49,68.19,58.69
1.99,37.39,-,36.29
1.99,21.39,24.19,20.79
1.99,30.29,34.19,29.39
1.99,13.69,-,-
1.99,19.79,22.39,19.29
1.99,49.79,-,48.29
1.99,9.79,11.09,-
1.99,34.79,-,33.69
1.99,2.09,-,-
1.99,8.69,-,8.49
1.99,38.59,43.49,37.49
1.99,26.89,30.29,-
1.99,57.09,-,55.49
1.99,60.89,68.69,59.09
1.99,56.29,-,-
1.99,56.59,-,54.99
1.99,32.09,-,-
1.99,2.49,-,-
1.99,43.29,48.79,-
1.99,18.09,20.39,-
1.99,19.69,22.19,-
1.99,53.79,-,-
1.99,3.19,3.59,-
1.99,34.19,-,33.19
1.99,44.89,-,43.59
1.99,38.09,42.89,-
1.99,21.29,-,-
1.99,48.89,-,47.49
1.99,62.99,70.99,61.19
1.99,-,40.59,34.99
1.99,59.09,-,-
1.99,49.29,55.49,-
1.99,-,-,26.29
1.99,61.89,69.79,60.09
-,-,55.79,-
1.99,5.49,-,-
1.99,21.19,-,20.59
1.99,4.39,4.89,4.19
1.99,40.29,-,39.09
1.99,8.79,9.89,-
1.99,45.19,-,-
1.99,12.89,14.59,12.49
1.99,37.79,-,36.69
1.99,22.09,-,21.49
1.99,51.49,-,49.99
1.99,0.89,1.09,0.89
1.99,13.39,15.09,12.99
1.99,10.69,-,10.39
1.99,45.29,-,43.99
1.99,-,22.79,19.69
1.99,10.59,11.89,-
1.99,53.69,-,-
1.99,57.79,65.09,56.09
1.99,22.69,25.59,21.99
1.99,24.39,27.49,23.69
-,45.89,51.79,-
-,11.59,13.09,-
1.99,16.49,18.49,-
1.99,16.09,18.09,15.59
-,29.69,-,-
1.99,40.69,45.89,39.49
1.99,14.49,16.39,14.09
1.99,-,-,-
1.99,45.69,51.59,-
1.99,10.49,11.79,10.19
1.99,14.19,15.99,-
1.99,-,-,-
1.99,17.69,19.99,17.19
1.99,61.39,69.29,59.59
1.99,40.99,-,39.79
1.99,47.79,-,-
1.99,19.99,22.59,-
1.99,45.49,51.29,44.19
1.99,-,51.59,44.39
1.99,64.89,-,-
1.99,21.39,-,20.79
-,61.69,69.49,59.89
1.99,40.49,45.59,39.29
1.99,-,-,-
1.99,61.89,-,60.09
1.99,48.09,-,46.69
1.99,-,-,2.69
1.99,64.29,72.49,62.39
1.99,20.59,-,19.99
1.99,40.79,-,39.59
1.99,6.89,7.69,6.69
1.99,18.89,21.29,-
1.99,37.09,-,35.99
1.99,0.89,-,-
1.99,14.89,-,14.49
-,49.49,-,-
1.99,2.09,-,-
1.99,43.89,49.49,42.59
1.99,24.69,-,-
1.99,26.19,29.49,-
1.99,35.99,40.59,-
1.99,41.29,46.49,40.09
1.99,-,72.99,62.89
1.99,43.79,49.39,-
1.99,48.79,54.99,-
1.99,62.89,70.89,-
1.99,22.89,-,22.19
1.99,50.69,57.09,49.19
1.99,3.39,-,3.29
1.99,64.39,-,-
1.99,26.69,-,-
1.99,26.39,29.69,25.59
1.99,-,64.79,-
1.99,10.69,-,10.39
-,60.69,68.39,58.89
1.99,-,-,-
1.99,-,13.09,11.29
1.99,-,-,13.59
1.99,17.89,-,-
1.99,55.09,-,-
1.99,-,-,-
-,29.49,-,28.59
1.99,22.79,25.69,-
-,44.19,-,-
1.99,46.39,-,44.99
1.99,12.39,-,-
1.99,15.29,-,-
1.99,7.09,7.89,6.89
1.99,44.09,49.69,42.79
1.99,-,-,-
1.99,30.99,-,-
1.99,33.59,-,-
1.99,40.39,-,39.19
1.99,-,-,-
1.99,2.69,2.99,-
1.99,24.39,27.49,-
1.99,-,-,-
1.99,16.39,-,15.99
1.99,3.29,3.79,-
1.99,34.89,-,-
1.99,32.29,-,-
1.99,-,33.99,29.29
1.99,28.99,32.69,-
1.99,58.19,-,56.49
1.99,-,43.79,37.79
1.99,5.69,6.39,5.49
-,14.99,16.89,14.59
1.99,5.89,6.59,5.69
1.99,16.89,-,-
1.99,8.39,9.39,8.09
1.99,10.69,-,10.39
1.99,18.19,-,17.69
1.99,31.49,35.49,30.49
-,65.59,-,-
-,45.89,51.69,44.49
1.99,42.29,-,41.09
1.99,21.59,-,20.99
1.99,43.29,48.79,41.99
1.99,30.99,-,30.09
1.99,-,-,-
1.99,22.29,-,-
1.99,55.59,-,53.99
-,49.29,55.49,47.79
1.99,21.49,24.29,-
1.99,54.39,-,52.79
1.99,-,32.69,-
1.99,40.59,45.79,-
1.99,50.39,-,48.89
1.99,19.79,22.29,-
-,20.69,23.39,-
1.99,47.69,-,-
1.99,49.99,56.39,-
1.99,24.29,27.39,23.59
-,63.49,71.49,61.59
-,-,1.99,1.69
1.99,24.89,28.09,24.19
1.99,12.39,13.99,-
1.99,33.79,-,32.79
1.99,30.69,34.69,29.79
1.99,35.69,-,34.59
-,52.69,-,-
1.99,22.09,-,-
1.99,3.29,-,3.19
1.99,25.49,-,-
1.99,45.99,-,-
1.99,43.29,48.89,42.09
1.99,3.89,4.39,-
1.99,56.49,63.69,54.79
1.99,11.79,13.19,11.39
1.99,-,-,16.59
1.99,31.99,-,-
1.99,11.79,-,-
1.99,13.59,-,13.19
1.99,19.49,-,18.89
1.99,42.99,48.49,41.79
1.99,-,27.29,23.49
1.99,9.79,10.99,9.49
1.99,61.89,-,60.09
1.99,17.19,-,16.69
1.99,29.69,-,-
1.99,-,-,63.89
1.99,32.39,-,-
1.99,47.69,53.79,-
1.99,20.79,23.49,-
1.99,52.59,-,51.09
1.99,-,-,9.59
1.99,61.29,69.09,59.49
1.99,19.29,-,-
1.99,31.29,-,-
1.99,24.69,-,-
1.99,59.49,-,-
1.99,11.39,-,-
1.99,36.59,41.19,35.49
1.99,8.69,9.79,8.49
1.99,56.89,64.19,55.29
1.99,-,28.29,24.39
1.99,-,-,-
1.99,17.89,-,-
1.99,10.19,11.49,9.89
1.99,54.39,61.29,-
1.99,-,-,45.09
1.99,36.99,-,35.89
1.99,7.89,8.89,7.69
1.99,20.99,23.69,-
1.99,3.69,-,3.59
1.99,21.29,-,20.69
1.99,49.69,55.99,-
1.99,7.09,7.99,-
1.99,-,64.79,55.79
1.99,8.59,-,-
1.99,53.99,60.79,-
1.99,4.09,4.59,3.99
1.99,-,40.29,-
1.99,-,72.59,-
1.99,49.89,-,-
1.99,42.09,-,40.89
1.99,29.79,33.59,-
1.99,43.59,-,-
1.99,8.79,9.89,-
-,-,1.99,-
1.99,50.69,57.09,-
1.99,15.19,-,-
1.99,16.49,-,16.09
1.99,-,33.59,28.99
1.99,50.19,56.59,-
1.99,32.99,37.19,31.99
1.99,57.69,-,-
-,-,20.89,17.99
1.99,20.19,22.69,-
1.99,40.79,45.99,-
1.99,10.09,-,-
1.99,65.59,-,-
1.99,56.99,64.19,55.29
1.99,43.59,49.19,-
1.99,1.79,1.99,-
1.99,36.39,40.99,-
1.99,62.49,70.49,60.69
1.99,40.19,45.29,-
1.99,29.19,32.99,28.39
-,-,66.39,-
1.99,-,-,4.99
1.99,53.09,59.89,51.49
1.99,34.39,-,33.39
1.99,25.89,29.19,25.09
1.99,46.69,-,-
1.99,2.49,-,2.39
1.99,-,41.39,35.69
1.99,6.39,7.19,6.19
1.99,53.69,60.49,-
1.99,16.19,-,15.69
1.99,16.39,-,15.89
1.99,4.79,5.39,4.69
1.99,62.69,54.29,46.69
1.99,50.89,-,-
1.99,19.69,22.19,19.09
1.99,41.19,-,-
1.99,60.59,-,58.79
-,25.19,28.39,24.39
-,63.09,-,61.19
-,3.89,-,3.79
-,57.19,64.39,55.49
1.99,59.59,-,57.79
1.99,46.39,-,45.09
1.99,-,-,-
1.99,43.79,49.39,-
1.99,29.99,-,29.09
1.99,31.39,-,-
1.99,33.09,-,-
1.99,32.79,36.99,31.79
1.99,24.79,-,-
1.99,49.49,55.79,-
1.99,20.69,23.39,-
1.99,-,58.19,50.09
1.99,-,-,-
1.99,-,25.09,21.59
1.99,57.59,64.89,55.89
1.99,9.89,-,9.69
1.99,49.59,-,48.19
1.99,-,-,-
1.99,10.49,11.79,10.19
1.99,22.39,-,-
-,16.19,18.29,-
1.99,54.19,-,52.59
1.99,-,8.89,7.69
1.99,-,26.99,-
1.99,43.49,48.99,42.19
1.99,44.99,-,-
1.99,-,-,-
1.99,60.19,67.89,58.39
1.99,36.69,41.29,-
-,49.39,55.69,47.99
1.99,38.19,43.09,37.09
1.99,46.39,52.29,-
1.99,8.29,-,8.09
1.99,-,35.09,30.19
1.49,64.39,72.59,62.49
1.99,12.69,14.29,12.29
1.99,47.79,-,46.39
1.99,27.09,30.49,26.29
1.99,65.09,-,-
1.99,7.69,-,-
1.99,33.49,-,-
1.99,29.59,33.39,28.69
1.99,61.89,69.69,60.09
1.99,43.19,-,41.89
1.99,47.29,53.39,-
1.99,37.29,42.09,36.19
1.99,31.19,-,30.29
1.99,39.09,-,37.89
-,56.19,-,-
1.99,5.69,-,5.49
1.99,20.09,-,-
-,-,45.49,39.19
1.99,12.19,-,11.79
1.99,56.69,63.99,55.09
1.99,47.59,53.59,-
1.99,8.99,-,-
1.99,19.49,21.89,18.89
1.99,20.89,23.59,-
1.99,45.09,50.89,43.79
-,57.19,64.39,-
1.99,42.79,48.29,-
1.99,23.49,26.49,22.79
1.99,43.19,48.69,-
-,26.19,29.49,-
1.99,60.39,68.09,58.69
-,-,33.69,28.99
-,27.09,-,26.29
1.99,39.09,43.99,-
1.99,5.79,-,5.59
1.99,58.09,-,56.39
1.99,3.29,3.69,3.19
1.99,4.79,-,-
1.99,-,-,-
1.99,47.49,53.49,-
1.99,-,-,-
1.99,6.59,-,-
1.99,45.49,51.29,44.19
1.99,50.19,56.49,48.69
1.99,19.69,22.19,19.09
1.99,5.69,6.39,-
1.99,42.99,48.39,-
1.99,65.29,-,63.39
1.99,19.59,22.09,-
1.99,20.69,23.29,-
-,63.39,-,-
1.99,-,-,-
1.99,27.39,30.79,-
1.99,52.09,58.69,-
1.99,57.99,65.39,56.29
1.99,62.89,70.89,-
1.99,28.99,32.69,-
1.99,51.89,-,50.39
-,40.79,45.99,39.59
-,62.29,-,60.49
1.99,16.89,19.09,16.39
1.99,5.79,6.59,5.69
1.99,53.09,-,51.49
1.99,53.39,60.19,-
1.99,2.09,-,2.09
1.99,54.59,-,-
1.99,66.09,74.49,-
1.99,22.89,-,-
1.99,27.09,30.49,26.29
1.99,-,-,-
1.99,27.79,-,-
1.99,48.99,55.19,47.49
1.99,-,-,-
1.99,17.89,-,17.39
1.99,-,-,-
1.99,42.39,47.79,41.09
1.99,24.09,27.19,-
1.99,60.69,68.49,58.99
-,59.49,66.99,57.69
-,0.79,-,-
1.99,41.79,-,-
1.99,50.09,56.49,48.59
1.99,10.69,12.09,-
1.99,50.79,57.29,-
1.99,3.39,3.79,3.29
1.99,17.09,19.29,-
1.99,32.39,-,-
1.99,27.09,-,26.29
1.99,22.29,-,21.59
1.99,34.49,38.89,-
1.99,18.29,-,17.79
1.99,57.39,-,55.69
1.99,18.59,20.89,17.99
1.99,61.49,69.29,-
1.99,6.89,7.79,6.69
1.99,16.69,18.79,-
1.99,39.49,-,-
1.99,18.89,21.29,18.39
1.99,24.39,-,23.69
1.99,-,19.49,-
-,3.69,4.09,-
1.99,15.59,-,15.19
1.99,12.99,14.59,12.59
1.99,20.99,23.59,20.29
1.99,31.09,34.99,30.19
1.99,20.49,-,19.89
1.99,14.99,-,-
1.99,22.39,-,21.79
1.99,29.19,-,28.29
1.99,14.49,-,14.09
1.99,18.79,21.09,18.19
1.99,56.09,-,54.49
1.99,64.09,72.29,62.29
1.99,29.69,33.49,28.89
1.99,62.69,70.69,-
1.99,47.29,-,45.99
-,37.99,-,36.89
1.99,32.99,-,31.99
1.99,20.89,23.49,-
1.99,23.09,25.99,-
1.99,62.69,-,-
1.99,-,73.09,-
1.99,44.79,-,-
1.99,-,-,-
1.99,64.09,72.29,-
1.99,57.89,65.29,-
1.99,14.09,-,13.69
1.99,30.79,34.79,-
1.99,59.19,-,-
1.99,19.69,22.19,19.09
1.99,40.99,46.19,39.79
1.99,50.59,56.99,49.09
1.99,21.69,-,21.09
1.99,36.89,-,-
1.99,34.09,-,-
1.99,18.29,20.59,-
1.99,45.19,-,-
1.99,50.09,-,48.69
1.99,55.09,62.09,-
1.99,37.39,-,36.29
1.99,36.29,-,35.29
1.99,49.49,55.79,-
1.99,27.79,-,-
1.99,40.99,46.19,39.79
1.99,60.69,-,-
1.99,24.99,28.09,-
1.99,58.29,65.69,-
1.99,53.09,59.79,51.49
1.99,30.89,34.79,29.99
1.99,45.99,51.89,-
1.99,-,72.49,62.49
1.99,-,-,34.79
1.99,-,-,-
1.99,19.49,21.99,18.89
1.99,-,-,1.29
-,-,56.49,-
1.99,56.79,63.99,55.09
1.99,38.49,43.39,37.39
1.99,48.89,-,-
1.99,-,73.69,-
1.99,41.39,-,40.19
1.99,26.59,29.99,-
1.99,64.19,72.39,62.29
1.99,61.79,-,-
1.99,9.89,-,9.59
1.99,-,-,-
1.99,34.69,39.19,-
1.99,43.09,48.59,-
1.99,38.29,-,-
1.99,49.19,-,-
1.99,25.89,29.19,-
-,11.89,-,11.59
-,44.59,-,-
1.99,62.39,70.39,60.59
1.99,14.39,16.19,13.89
1.99,12.79,-,-
1.99,39.99,-,38.79
1.99,58.09,65.49,-
